category_name,category_id,video_id,title,channel_title,channel_id,description,duration,language,views,likes,published_at
Howto & Style,26,ikn89kgnRI8,😭 Elle a oublié quelque chose dans la neige…,Fitness-Muscu,UCev7uCn7hMoehbcMj1sadcQ,"Dans cette vidéo on passe en revue des filles qui vont mettre leur tête dans la neige  Personne n’a été blessé fait dans un cadre contrôlé  Fait par des professionnels entraînés dans un cadre supervisé. Ne pas reproduire.  If you are the owner of this video, please contact me at remi@fitness-muscu.com, and i will remove the video   This video follows the fair use guidelines imposed by my country (France) and any false copyright strike will be contested in the French court system.    Remarque : cette vidéo est réalisée à des fins éducatives uniquement, tout le monde est en sécurité.  Remarque : cette vidéo a été réalisée par un professionnel ; NE TENTEZ PAS DE LA REPRODUIRE.  Remarque : tout le monde est en sécurité.  Remarque : tout cela a été mis en scène.    🎬 Visuels : ©Propriétaire de la vidéo    🎙️ Narration, scénario : @fitness-muscu.    Remarque :    Si vous avez des questions concernant cette vidéo, qu'il s'agisse d'un problème de droits d'auteur ou d'une demande de suppression, n'hésitez pas à nous contacter à l'adresse  ((( )))  ⚖️ Clause de responsabilité légale    En vertu de l'article 107 de la loi de 1976 sur le droit d'auteur, l'« usage loyal » est autorisé à des fins telles que le commentaire, la critique, le reportage d'actualité, l'enseignement et la recherche. Cette disposition soutient l'utilisation à des fins éducatives, informatives et non commerciales",PT16S,fr,1474041,46015,2026-01-15T21:02:33Z
Howto & Style,26,exnCogC69WU,Kinder country fait maison 🍫,Jimmy & Laura Astuces,UCTRPEM-98zg2h5LkNZutu3A,,PT19S,fr,1776912,66502,2026-01-15T11:05:53Z
Howto & Style,26,uvh-A2EQz74,Mes rêves à 2h du matin 😳,L'étoile Noire,UCky8Z5AYEHA55-r2TFNC_KA,→ Ma boutique et vidéo personnalisée : Laboutiquelen.com  → Instagram : https://www.instagram.com/etoilenoire__/  → Contact (pro uniquement) LenBusinessCorp@gmail.com  → Any Copyright issue ? Please Feel free to contact me on social to get the problem solved  → Tik Tok : https://www.tiktok.com/@lenytb  → Twitter : https://twitter.com/etoilenoire01,PT10S,fr,670176,33273,2026-01-19T15:01:45Z
Howto & Style,26,wiV8Fy3PsaA,Les crabes en Australie 😱,Huco,UCtZm-PdP0s3H7m3po8dOpZg,,PT1M1S,fr,1635837,69553,2026-01-17T08:40:39Z
Howto & Style,26,3pnLPpzRY1c,C’esr cadeau je vous l’offre ça marche a chaque 🥹,sjss,UCULhLq2ZbPStzmaIFIp1s2Q,,PT26S,fr,1499524,36843,2026-01-16T13:11:30Z
Howto & Style,26,qtqfqtJ1Kjk,#illustration#shorts #tattoo #art #pov #procreate #drawing #whydidntmyexcomeback #digitalart#shorts,Nydia,UCtebBWyyakihrn01Wh5LtRA,"⚠️Only for Entertainment purpose :- ✅DISCLAIMER: This Channel does not promote any illegal product, content, or platform, doesn't encourage any kind of prohibited activities. All contents provided by this channel are meant for EDUCATIONAL purposes onlyDisclaimer: This Channel Does Not Promote Any illegal content, all contents provided by This Channel is meant for EDUCATIONAL and News Update purpose only. The content is based on individual research.Copyright Disclaimer Under Section 107 of the Copyright Act 1976, allowance is made for ""fair use"" for purposes such as criticism, comment, news reporting, teaching, scholarship, and research. Fair use is a use permitted by copyright statute that might otherwise be infringing. Non-profit, educational or personal use tips the balance in favor of fair use.am not the real owner of all the videos shown on our channel and all the credits go to the respectful owner.In case of copyright issues, please contact us for Credits or Removal.",PT37S,en-US,1060882,73493,2026-01-17T15:01:38Z
Howto & Style,26,BcmnM_OE34M,#illustration#art #pov#digitalart#procreate#tattoo,Ziad Saoui,UC5sUWcxtkqacrAJ3XTOQDnA,"⚠️Only for Entertainment purpose :- ✅ DISCLAIMER: This Channel does not promote any illegal product, content, or platform, doesn't encourage any kind of prohibited activities. All contents provided by this channel are meant for EDUCATIONAL purposes only Disclaimer: This Channel Does Not Promote Any illegal content, all contents provided by This Channel is meant for EDUCATIONAL and News Update purpose only. The content is based on individual research. Copyright Disclaimer Under Section 107 of the Copyright Act 1976, allowance is made for ""fair use"" for purposes such as criticism, comment, news reporting, teaching, scholarship, and research. Fair use is a use permitted by copyright statute that might otherwise be infringing. Non-profit, educational or personal use tips the balance in favor of fair use. am not the real owner of all the videos shown on our channel and all the credits go to the respectful owner. In case of copyright issues, please contact us for Credits or Removal.",PT57S,en-US,868128,34120,2026-01-19T17:00:16Z
Howto & Style,26,xYhJ7-Zj17k,#humour #collage #bonnecuisine #hawabelle #couple #repasmaison #food #duo #duet,Madame Sheffield,UCIJ5hLSaSBi_jjul5VEgzmA,,PT28S,fr,1523472,20241,2026-01-16T09:08:12Z
Howto & Style,26,-n0vC8DnQ2s,Ça n’a aucun sens…,Julien Cadeau,UCE-b1IBfCwH8-qWwr1m3JMg,"Spéculoos + yaourt grec + une nuit au frigo Ce Japanese Yogurt Cheesecake, c’est un gros OUI.",PT17S,fr,979592,41989,2026-01-16T16:00:01Z
Howto & Style,26,yjXtR8r6QoE,Et vous  Vous aimez avoir la fève ou pas  🤣 #humour #pourtoi #foryou,Ameli Khawari,UC6kOwGxxlLM0d6zQz-v_gNg,,PT54S,fr,1565235,44462,2026-01-16T03:14:46Z
Howto & Style,26,MryEyHUBhBE,😱N'utilisez plus jamais ce type de torchon pour nettoyer...,Success School,UC27EL4DaM7rSD6Xj8lenH8Q,"Cette femme a voulu montrer à son mari que les torchons en papier sont moins efficaces que les torchons suédois.  Cette video vous est proposée à but éducatif et de divertissement. Ne reproduisez pas tous ce que vous voyez.   If you have any issues related to this video or your credits are missing then email me at this email address ( successschool2022@gmail.com ) I will remove the video if you have any issues. Do Not Send Copyright Strike or Claim Thanks   All content on this channel is used under the Fair Use policy as outlined in Section 107 of the Copyright Act of 1976. It is used for purposes such as commentary, criticism, news reporting, teaching, scholarship, or research. The materials included are transformed to provide original perspectives, add educational value, or entertain within the legal boundaries of Fair Use. If you believe any content infringes on your copyright, please contact me directly before taking any action. I am committed to resolving any issues promptly.",PT27S,fr,819300,19547,2026-01-19T12:30:29Z
Howto & Style,26,ZcoaXJqSNQY,#illustration #tattoo #art #pov #procreate #drawing #whydidntmyexcomeback #digitalart·,Yordi Iturbe,UCNWiTXA8dVIdyTyXp-cTeOA,,PT38S,fr,1044624,31000,2026-01-18T10:20:42Z
Howto & Style,26,1M11q29LD5Y,🤷🏼‍♀️#drole #humour #blague #maman #mere #papa #famille #france #suisse,SockStealer37,UCEVqSWAwsMOK6GXW6dZmwFw,,PT31S,en-US,1238023,43617,2026-01-16T15:12:00Z
Howto & Style,26,82_jyVgrAoA,mercedes e63 amg #automobile #conseilsauto #fredcars38,FREDCARS,UC4cgnFixk4xtuhNrljwLQEg,,PT1M2S,fr,953612,23702,2026-01-16T17:40:57Z
Howto & Style,26,F-lbJLp_97I,Throwing 5 Lbs of Pickles 🥒 at Felony Speeder in School Zone 😂,Brandon Lucas,UCWgivUe2WwSEsUpvCVe-yVA,,PT15S,en,41873664,1533384,2026-01-17T16:10:27Z
Howto & Style,26,wDvgP5UkWac,Le Zinedine Zidane des relations sociales 😎 #humour #sketch #couple #rigolo #amis #potes,Ton pote Gillian,UCPwJrU0Xs2ewNufzHCc6Tnw,,PT39S,fr,1046167,47863,2026-01-15T17:20:32Z
Howto & Style,26,p2Mh9COItJ4,Pov : tu vas à Europa-Park pour arroser les gens mais ça tourne mal...,Clip2ep,UCMxkVdDL3CkI9tog4m_Nf4g,#europapark #pov #prank #eau #parcdattraction,PT58S,fr,937371,42927,2026-01-17T09:41:52Z
Howto & Style,26,bJhISwZQ60E,La Technique de cet Artiste du Sable est Absolument Folle,Nathan Hugo,UCaqyqj0bX7sDoT_li0Z7X_Q,"Note: This Video Is Made For Educational Purpose Only, everyone is safe Note: this was done by a professional; DO NOT ATTEMT. Note: everyone is safe Note: this was all setup  Credit: @respectful owner 😂 Cette vidéo met en lumière un « artiste peintre » de rue exceptionnel, qui utilise des poudres colorées pour créer du « street art » fascinant. Sa « performance art » est une démonstration incroyable d'« art abstrait », où il manipule les couleurs avec ses mains pour des œuvres éphémères. C'est une véritable « peinture abstraite » vivante qui captive tous les spectateurs.",PT19S,fr,524501,0,2026-01-20T09:04:02Z
Howto & Style,26,XET0E0dkJAA,Une sieste de 5 minutes ca sera suffisant #pourtoi #pourtoipage #humour #couple #famille,Wabebo Vikeli,UCeACbWh4h4m6xBUcRZiL-Hg,,PT15S,fr,350248,10136,2026-01-20T01:30:40Z
Howto & Style,26,VNPEwECZ0f8,Share with your friends for double the fun!#pov #herramientas #s (7),Qdhhdj,UCNSXc4lY_oHvlFeuosTgHIA,,PT42S,fr,529091,23991,2026-01-19T00:36:16Z
Howto & Style,26,ci4BJl37k-s,Ranking the Funniest Wasp Nest Removals #asmr #snow #funny #odlysatisfying #ice #satisfying #fyp,Relaxing 1+1,UCVbQ_j_1zmlfYJ3OVmFl_tw,,PT47S,en,29691115,722195,2026-01-17T15:00:04Z
Howto & Style,26,FfVeEyt9lm0,DO NOT CLICK THE SOUND! 😱💀,Just WOW Man!,UCN06Se-2FholAW7ywESHbpQ,"Ranking Funniest Amusement Park Fails  I rank and transform each video by adding sound effects that match every funny movement, fail, or body action—such as booms, slides, falls, whooshes, and more. I put around 4–5 sound effects in every ranked clip. I also adjust the color grading, remove unnecessary parts, add keyframes, and create dynamic zoom-ins and zoom-outs to enhance the flow.  For every numbered clip in the ranking, I include my own commentary—whether humorous, educational, filled with trivia, or sharing interesting facts. I also use clean transitions, each timed with a fitting whoosh effect. Every clip is uniquely edited to match my style and fully transform the original footage. I put hours of work into every upload to deliver the best possible content to my viewers.",PT31S,en,46129088,1767323,2026-01-15T17:30:04Z
Howto & Style,26,XFaG23tyYl4,Blaster Géant VS Mini,LeVraiGabin,UC1QLXf4C3Vpdiz7v1M_4_qA,,PT34S,fr,509730,30026,2026-01-18T12:03:24Z
Howto & Style,26,A0n8fM_eNt8,J’avais déjà fait une vidéo sur le sujet l’année dernière mais j’ai voulu pousser le délire plus,nabeqa cerala,UCSyXeCmaR8wZQf5RIsPdcOA,,PT59S,fr,1122537,46557,2026-01-16T07:56:51Z
Howto & Style,26,ARI8sTm0hgE,L’hippopotame et la pastèque 🍉,Récapitulatif du Film,UC47Cr5ICZmh8L_O5Ze9c__g,,PT31S,fr,1456503,81084,2026-01-16T13:13:03Z
Howto & Style,26,Zk-ARoaFZws,Comment on fait les boules de mammouth ? 🍬 #shorts,Explore Media,UC4M0_pdWJeWRrHigdXOJ0AQ,************************************  Retrouvez chaque semaine une nouvelle vidéo et quatre nouveaux shorts sur notre chaîne. #staycurious   Nous suivre sur nos réseaux sociaux : - Instagram : http://expl.tv/Instagram  - TikTok : http://expl.tv/TikTok - Facebook : http://expl.tv/Facebook - Snapchat : http://expl.tv/Snapchat,PT1M16S,fr,600157,26524,2026-01-19T17:23:49Z
Howto & Style,26,uWTWKRxxdiA,Quand il veut fouiller mon téléphone 😱🤣,justt__zizouu ,UCKMkUmOnGohDX_SBgRY0NcA,,PT34S,fr,405846,23615,2026-01-19T22:04:52Z
Howto & Style,26,Us4zUHTEXZc,"Je me cours, je me jette…🤣😭 Je pense que j’a gagné la trend  🤪",LENNY FREESTYLE,UCIzrYEdDvcq5667_tMx4UUA,,PT15S,fr,597909,19234,2026-01-18T11:48:10Z
Howto & Style,26,8JGM4xwz5g4,Recette : purée Robuchon !,Le Paris d'Alexis,UCDErgMXtCUQV6LoyLZaVaJg,"Le chef exécutif de l’Atelier Robuchon Étoile : Eric Bouchenoir, nous devoile la recette de cette purée mystique !  📝 Ingrédients : - 1 kg de pomme de terre ratée (de même calibre) - 300 gr de beurre- lait (quelques cl) - sel  👉 Recette : 1/ Cuire vos pommes de terre avec la peau pendant 35-40 min (démarrage à l’eau froid, avec une bonne pincée de gros sel). 2/ Égouttez puis épluchez les pommes de terre 3/ Passez les pommes de terre dans un presse-purée manuel. Evitez les robots car ils donnent une texture élastique à la pomme de terre. Puis passez la pulpe au tamis pour encore plus de finesse (je n’ai pas eu le temps de mettre cette étape dans la vidéo). 4/ Faites dessécher la pulpe de pomme de terre. Pour cela, mettez la dans une casserole à feu doux et travaillez la pour enlever l’excédent d’humidité. 5/ Incorporez le beurre en plusieurs fois 6/ Travaillez vigoureusement la purée 7/ Ajouter un peu de lait chaud jusqu’à obtenir la texture souhaitée 8/ Rectifiez l’assaisonnement avec du sel 9/ (facultatif) pour une texture parfaite, vous pouvez passer votre purée au tamis.  C’est prêt !! Régalez-vous 😋",PT1M28S,fr,664908,22406,2026-01-17T16:16:34Z
Howto & Style,26,SOfMxdrj60k,Vous pensez qu’il y a cru  🤣 Collaboration commerciale . #blockblast #hungrystudio #humour,Broks Worlow,UCyTwWmatUc1V0Oiphq0eq1Q,,PT37S,fr,807743,17142,2026-01-17T08:39:05Z
Howto & Style,26,Fcufj0-pTA0,Pas sereine 🤣 - Faris #shorts,Mauvaise Herbes,UCQvOMZqTf-Cj15mJ-jly9Gw,,PT11S,fr,1454608,54547,2026-01-12T16:08:26Z
Howto & Style,26,0BA_VY0i7tg,NOUVELLE TREND CHINOISE 😍😍,Ophenya,UCRFrYBCdWPUoDm13DbadaSw,,PT16S,fr,607822,0,2026-01-18T10:30:00Z
Howto & Style,26,uNryI_w6LjU,Dernier défi avec Félix Dolci en gymnastique 🤸‍♀️ #gymnastique,Cocottee_,UC386AgI_d2NJ7KHoRCoE77Q,,PT21S,fr,375613,18970,2026-01-19T19:54:38Z
Howto & Style,26,OlYHF7UryTU,J’étais trop à l’aise #abregefrere #outfit #couple,abregefrere,UCGYVKSQXlRSUp-Ycp5miJKw,,PT11S,fr,277322,0,2026-01-19T14:01:17Z
Howto & Style,26,SrZqRW1AJpM,"#POV: Face au harcèlement scolaire, elle résiste 🥺😔 #pourtoi #stop #acting #xyzbca #trending",TwilightPetal11,UCgq2nfdH9kkfDQFbBbhWlTA,,PT1M27S,en-US,1105792,28625,2026-01-16T18:16:00Z
Howto & Style,26,hFWGu0xqVcE,Quand tu laisses un enfant à la maison avec son père,RAINA BENZ ,UCfVJeMCcT8-Zpetf5-NbiRA,,PT14S,fr,427965,0,2026-01-17T17:39:20Z
Howto & Style,26,Ftwui7BqJmc,Nantes : il cache sa Rolex par peur… jusqu’où ça ira ?,Vincent Lapierre,UCTQQb3F6qDKXObGAE27HtVw,"🙂 Placez une pub de votre entreprise dans mes reportages ! ➡️ contact@lemediapourtous.fr  ❤️ Soutenez mon travail (et accédez aux versions intégrales non-censurées de tous mes reportages ainsi qu'aux archives) : https://lemediapourtous.fr/devenir-contributeur/  “Regarde autour de toi…” Ce Nantais raconte pourquoi il n’ose plus laisser sa fille prendre le tramway. Peur, ville qui change, sentiment d’abandon : son témoignage glace le sang. Nantes est-elle encore une ville sûre ? 👉 Tu vis ça aussi ? Dis-le en commentaire et partage ton expérience.#vincentlapierre #reportage #Nantes2026 #insecuritequotidienne #temoignagefrancais   🕺 SUIVEZ-MOI !  Sur Telegram : https://t.me/VincentLapierre Sur Twitter : https://twitter.com/vinclapierre Sur Facebook : https://www.facebook.com/lapierre.vincent/ Sur Instagram : https://www.instagram.com/vincent.lapierre/ Sur TikTok : https://www.tiktok.com/@vincentlapierrelevrai Sur Snap : https://www.snapchat.com/@vincelapierre  ⚠️ AVERTISSEMENT : Les propos tenus dans cette vidéo par le ou les personnes interviewées n'engagent que leur(s) auteur(s) et ne reflètent pas nécessairement ma position.   ❌ ERRATUM  Si vous repérez une erreur factuelle dans cette vidéo, merci de nous prévenir (à l'adresse contact@lemediapourtous.fr). On introduira votre correction ici (en vous créditant si vous le souhaitez). Merci !  © CRÉDITS   🎸 Musiques :   Incident by Rexlambo https://soundcloud.com/rexlambo Creative Commons — Attribution 3.0 Unported — CC BY 3.0 Free Download / Stream: https://bit.ly/3BgH3Sr Music promoted by Audio Library https://youtu.be/hT7PwqAex5E  ✏️ Graphismes : https://x.com/benjamindrkt?t=XA58f-LWSdmTwrfO6bNhHQ 🗒️ Préproduction : J-E 🎥 Cadrage : Thomas 💻 Montage : Kévin et Vincent",PT45S,fr,318573,9789,2026-01-19T16:45:01Z
Howto & Style,26,vOCOd3uBMPc,These intelligent dogs taught this young man a lesson he will never forget. #dogs,CCC Documentary,UCejzd9j7uXOVBAnob6-wBsA,These intelligent dogs taught this young man a lesson he will never forget. Generated by A.I Created by: ‪@cccdocumentary       #animals #dogs #goldenretriever #aishorts #labrador #smartdog,PT59S,en,37937377,969509,2026-01-15T04:16:12Z
Howto & Style,26,Vc8EcSPs_F8,"On élit la meilleure poignée de porte avec Sid (la saga continue, c’est un bonheur)",Mcfly et Carlito,UCDPK_MTu3uTUFJXRVcTJcEw,"Bienvenue dans un nouvel épisode de “MSD que choisir” (même si Carlito n’est pas inclus dans Mcfly - Sid - David)  Merci à notre frère Sid de nous suivre dans toutes ces explorations @Djilsi   Merci à Marie l’abonnée du jour   Lien d’inscription pour le formulaire d'inscription au trône de l'abonné : https://forms.gle/pyi3gGkS2AJ71wEK6   Chef OPV - Florent Sabatier OPV - Cyriac Labergère Chef OPS - Martin Bonami Maquillage - Karmen Sefer Déco - Jade et Valentina / Triple D  Montage - Florian Hautekiet Miniature - Oncle Sid  Productrice exécutive - Clara Lesage  Directrice de production - Blanche Martin Chargée de production - Romane Bioret Stagiaire de production - Jeanne De Pennart Administratrice de production - Sterenn Hall Chargée de post-production - Manon Bodinier  Unfold Production  Agent Mcfly et Carlito - Camille Blondeau Assistante Fatbros 2.0 - Chloé Wolf   Rejoignez notre discord officiel : https://discord.gg/mcflyetcarlito  INSTAGRAM ★ https://www.instagram.com/rafcarlito ★ https://www.instagram.com/levraimcfly ★ https://www.instagram.com/mcflyetcarlitouniverse  TIKTOK https://www.tiktok.com/@mcflyetcarlito?lang=fr https://www.tiktok.com/@davidtiktokmusic?lang=fr  TWITCH  https://twitch.tv/rafcarlito    ** Règles de l’espace commentaires : - Écrire dans un français correct (surtout pour Carlito ça) - Écrivez de façon respectueuse  - Pas de pubs, de spams du genre « me manque un abonné pour devenir stylé » ou encore « 3500 vues sans passer par Youvues, bravo ! »",PT49M30S,fr,1910435,94861,2026-01-15T17:29:00Z
Howto & Style,26,wNvqmxxsT3c,Elle ne veut plus manger depuis la disparation de ses parents #shorts,Brenus,UC6PQc5nI7c5pkz7sURAEHYg,"Crédits:  Film🎥: Le gout de la vie  Musique🎵: Kamin   #avengersendgame #ironman #citation #captainamerica #thor #marvel #marvelstudios #edit   #sigma #2k #motivation #citationdujour #mindset #focus #sigma #viralvideo #viralshorts #viralshort #viralvideos #viral #pourtoi #fyp #spiderman #spidermannowayhome iron man thor thanos captaine américain hulk  4 fantastic   Un cuisinier n’a ni uniforme de héros ni pouvoirs particuliers. Pourtant, en choisissant d’aider une petite fille en détresse, il rappelle que la bonté n’a pas besoin de titre. Ce sont les gestes simples, faits au bon moment, qui protègent et réparent.  Instruction du jour : On devient un héros dès qu’on choisit d’aider, même dans les actes les plus ordinaires  Les musiques, graphismes et images présents dans cette vidéo sont la propriété exclusive de leurs détenteurs légitimes. Je ne revendique aucun droit sur ces éléments, à l’exception du montage spécifique et du sous-titrage original que j’ai moi-même réalisés. Le but de mes vidéos  visent à extraire d'une scène de film, avec un montage conséquent , des enseignements, des conseils, des réflexions morales ou des  émotions afin de susciter la réflexion et la réaction chez le spectateur. Elles proposent une analyse personnelle, des commentaires originaux et une interprétation critique, apportant une  valeur ajoutée par rapport aux œuvres originales.",PT38S,fr,494868,29100,2026-01-17T16:42:28Z
Howto & Style,26,202qQzY0pgQ,Por favor comparte con tus amigos #pov #herramientas #sketch #gracioso #actuación #historia,ewq,UC5wJDNrkp-kwdr8BNvSAwTw,,PT59S,fr,570630,25228,2026-01-18T11:15:31Z
Howto & Style,26,IvCGXJjP4e4,Le secret derrière le tour de l'homme en lévitation😨,Voix de l'Ouest Sauvage,UC7dyneIcTXrkk1p_6E4iwDw,"Cet homme tenant seulement une canne à la main semble flotter dans les airs. Cependant, si nous analysons ce tour, nous voyons qu'il y a en fait une structure métallique robuste au sol. Cette structure permet de placer la canne sur une courte tige. Celle-ci passe par la manche de la veste de l'artiste, puis fixe une plate-forme en acier solide à l'accoudoir. Et quand il s'assoit dessus, il pousse la plate-forme dans la partie assise de son pantalon, puis passe son bras à travers la veste, recouvrant toute la structure. Seuls ceux qui ont compris peuvent ""aimer"".",PT23S,fr,433973,13225,2026-01-19T18:24:12Z
Howto & Style,26,uzf354q1YcE,"1 mois que t’es plus là Nino, on t’oublie pas mon fils 🕊️❤️ Merci à @The Originals Acces Hôtel 🙏",NinoLeMalouOFF,UCW07f8dq-6cO0GvEuPTqjJg,,PT16S,fr,410201,16560,2026-01-18T23:18:30Z
Howto & Style,26,xl0s7dvpem8,#foryou #fypシ #fyp #pov #humor #comedia #shorts #viral #relatable #acting #fun #storytime,Firstsonw27R,UCvH93t77jf2ux66VZr5PrCA,,PT1M,en-US,355517,24514,2026-01-18T12:04:00Z
Howto & Style,26,-Ee-XtbbSuw,Un chien intelligent sauve son maître ! 💊💔 Peu de likes pour ce héros 😢#shorts,ludwing flim,UCVa_j3N1k9wVUBAHlVUDw3g,Un chien intelligent sauve son maître ! 💊💔 Peu de likes pour ce héros 😢#shorts,PT28S,fr,1021089,80627,2026-01-16T12:14:00Z
Howto & Style,26,8-wD54G4eug,Les élèves du monde entier qui me suivent me posent des questions cheloues 😅😭❤️ #maths,Genti Stefl,UC85JOOpIGykvOvNEGGEsRjw,,PT59S,fr,654645,16645,2026-01-17T04:59:35Z
Howto & Style,26,XxEaHA23XvA,#illustration#art #pov#digitalart#procreate#tatto,William,UCfaKJs5ebIA40vGHryG9OBg,,PT37S,en-US,998107,36121,2026-01-15T16:00:56Z
Howto & Style,26,tNYRC5VVuTk,Ce Propriétaire A un Chat Qui Se Frotte Partout,Cupcake,UCr9aa18g4QVrhIOCLO3bBHQ,,PT26S,fr-FR,846645,17276,2026-01-16T14:01:39Z
Howto & Style,26,nLp9k8mz4XY,Je TrAaVaAilles !! 📚 #visio #cours #humour,Ramirezpatriciayreqv,UCVp6J9EOFZXdSK-2H4j94fA,,PT59S,fr,965064,34737,2026-01-16T02:34:06Z
Howto & Style,26,jZEZAyLlnMw,Construction d'un meuble #bricolage #renovation #diy #construction #artisan #travaux #home,france.bricolage,UCXFnjr6AuWZADe2VAOm05lQ,"Je ne suis pas le créateur, je réagis simplement !",PT1M1S,fr,760733,16245,2026-01-16T20:52:21Z
Howto & Style,26,A-_41GxsIo8,🎨Comment Peindre un Chien,MrWendy React,UC57BUY2cuBd9CguMrPzixVw,"As-Tu Gagné ? #shorts #humour #art #shorts #signature   @starsignature1/  🐦✏️ Plongez dans l'univers captivant du dessin avec Mr. Wendy Shorts ! Dans cette vidéo réaction, laissez-vous transporter par l'émerveillement face à l'artiste exceptionnel qui réalise avec une maîtrise impressionnante le dessin d'un oiseau  au crayon. Découvrez une technique incroyable qui rend l'art du dessin accessible à tous, même aux débutants les plus novices.  🎨 Explorez en détail les coulisses de cette création artistique fascinante. Des traits délicats se transforment en une pomme réaliste sous les doigts habiles de l'artiste, révélant les secrets d'une exécution impeccable. Des conseils pratiques et des démonstrations pas à pas vous guideront dans l'art subtil de dessiner avec précision et sensibilité.  📐 Rejoignez Mr. Wendy Shorts pour un voyage au cœur de l'expression artistique. Des tutoriels simples aux cours avancés, plongez dans un univers où la créativité règne en maître. Explorez les multiples facettes du dessin au crayon, laissez-vous inspirer par l'artiste qui repousse les limites de l'imagination et découvrez votre propre potentiel artistique.  🔖 Tags : #dessin #dessincrayon #dessinfacile #dessinfacilepourdebutant #dessiner #dessinfacileafaire #art #tutofacile #artiste #jedessine #tutodessin #commentdessiner #commentdessinerunvisage #commentdessinerunchat #commentdessineryoutube #commentdessinerunfruit #commentdessinerunepomme #MrWendy #MrWendyShorts #shorts #shortsfr #shortsfrance #meilleurshorts #tutoriel #coursdedessin #dessins #tutorieldessin #dessinfaciledebutant  Cette description détaillée met en lumière la fascination de Mr. Wendy Shorts pour le dessin d'une pomme au crayon par un artiste talentueux, tout en soulignant l'aspect éducatif et inspirant de cette expérience artistique, accompagnée de tags optimisés pour le référencement.  dessin,dessin crayon,dessin facile,dessin facile pour debutant,dessiner,dessin facile a faire,art,tuto facile,artiste,je dessine,tuto dessin,comment dessiner,comment dessiner un visage,comment dessiner un chat,comment dessiner youtube,comment dessiner un fruit,comment dessiner une pomme,mr wendy,mr wendy shorts,shorts,shorts fr,shorts france,meilleurs shorts,tutoriel,cours de dessin,dessins,tutoriel dessin,dessin facile débutant",PT12S,fr,314620,8378,2026-01-19T16:34:00Z
Howto & Style,26,Pf7mo3WzgZ4,Viande Séchée épisode 4 : Entrecôte au poivre 🥩❤️‍🔥 #recette #cuisine #chef #food #viande,Qistoh,UCWIkx2c7mGAfAf5OWhxZyvg,,PT1M4S,fr,429803,14990,2026-01-18T16:20:15Z
Howto & Style,26,V_Lp0ReGgxM,Pourquoi ça fonctionne jamais 😭,Maniraj_officiel,UCXWuemKAMeGoF2l8m-_6Wuw,,PT1M16S,fr,659178,29646,2026-01-17T17:12:50Z
Howto & Style,26,vyaejYvvGm4,Super tendeur,Jim Woood,UCcG_NZVVP_hFmYE6E_twxKg,"Tu crois que tirer sur une corde de toute tes forces,  Ça suffit pour la tendre ? Non :  Parce qu'à moins que tu sois  Champion du monde,  Dans la catégorie Strongman,  J'ai une super astuce !   Elle va te permettre de doubler ta force !  Rien que ça !   Ce qui veut dire,  Que même si t'as aucune force,  T'arriveras quand même à fair un truc balèze !   Cette astuce, C'est un noeud de tendeur,  Et pas n'importe lequel,  Le jambe de chien !   Un nom compliqué,  Pour un noeud tout simple. Et efficace !   **************************** J’peux pas venir chez toi pour t’annoncer chaque tuto. Mais la cloche 🔔 peut le faire.  C’est cadeau.  ROULAAADE !!! **************************** #JimWoood #corde #noeud #bivouac #nature",PT2M59S,fr-FR,1588673,78032,2026-01-13T17:01:40Z
Howto & Style,26,ZgTfgvoFtN4,J'avais peut au début 😅 #peinture #sol #astuces,3houses,UCBEWLzfqh5_tmMesNJ2GOrQ,,PT1M26S,fr,583303,21365,2026-01-16T20:43:44Z
Howto & Style,26,ksyDUx4zfzQ,Courir sur l'eau : Fake ou Réalité ? 💧🤯,GénieGaulois,UCQWm4glLxyB40lX0EG_riBA,"La physique dit que c'est impossible. Les Mythbusters disent ""peut-être"". Le test final avec la technique du lézard est bluffant. #Mythbusters #Science #Record",PT42S,fr,1280259,41594,2026-01-14T17:01:24Z
Howto & Style,26,jOweRnES0uc,💀 Les Pires Fakes Natty,MentalMusculeux,UCBLentRstjYWNE2B7GXISjg,#sport #musculation #muscu #fitness #gym #pourtoi #football #motivation #foryourpage #storytelling #foot #football #sports #storytelling,PT34S,fr,396724,25749,2026-01-18T17:35:56Z
Howto & Style,26,5wK545j1i80,première fois qu’il neige en plein soleil 😂❄️,HIPO,UCXfkMxVZlVx4gDhNe24HvZQ,,PT13S,fr,489870,14255,2026-01-16T13:08:01Z
Howto & Style,26,DEkPD6JPN9M,Bœuf gravlax à la carte ? 🥩 #gravlax #boeuf #test,Xavier Pincemin,UCXG8EyiCi4qF2EnECYftyIg,,PT1M6S,fr-FR,730524,15985,2026-01-15T11:54:00Z
Howto & Style,26,47wrumo0Lf8,🤯Ce n’était pas un gâteau,Success Team ,UC0oq4FqqLpmqDWzMIM3Gu-Q,"Elles pensaient manger un simple gâteau… Mais ce brownie n’était pas du tout pour les enfants 🍫😳 Quand leur père réalise ce qu’il s’est passé, c’est déjà trop tard… 👉 Regarde jusqu’à la fin 😭😂   #histoirevraie #shorts #viral #momentchoquant #erreur #famille #enfants #gateau #plotwist #humour #reaction #youtubeShorts",PT30S,fr,1099342,31381,2026-01-13T22:40:01Z
Howto & Style,26,yJja7Ezckbc,mes boots Chanel ont un mode neige ?!!! ❄️😭 #short #shorts #linxmv,linxmv,UCd_xXnPJQpEOWw1wQnu-Jlg,mes boots Chanel ont un mode neige ?!!! ❄️😭 #short #shorts #linxmv,PT26S,fr,778941,27186,2026-01-15T09:11:07Z
Howto & Style,26,OefhJJm0l3I,Inspiré de faits réels 😍😋 #short #shorts #Maleka,Maleka,UCaFipqp8xdEzokYdt2gkXaA,Inspiré de faits réels 😍😋 #short #shorts #Maleka,PT1M54S,fr,1121333,48495,2026-01-14T11:07:49Z
Howto & Style,26,duHfu6ysrSQ,Comment des sabots d’âne ont donné naissance aux dominos #artisanat #france #schorts,StoneArt FR,UCiQabvnZLLki0VDpJGlN3PA,,PT1M2S,fr,840241,16608,2026-01-15T12:14:12Z
Howto & Style,26,RvGkbGXWnNY,Quand tu pars en sortie à la piscine. Qui boit l'eau du pédiluve #humour #ecole #prof #primaire,Yeargin Bohnsack,UCbiuiCGarvdhg4uxNK8CQwA,,PT48S,fr,473682,12945,2026-01-18T06:41:08Z
Howto & Style,26,1LQaVaXhKSw,Les conseils de Jade NOUV 😁#banque #jeune #cartebleu,George Ashmore,UC9utLx-MuKzbgMmNtHcDTXg,,PT59S,fr,609739,34411,2026-01-14T10:58:50Z
Howto & Style,26,0zZ9Uu3g-TQ,Cet épicier a une tradition pour que les enfants aient des bonnes notes 🥺,bonjour.mp4,UCp-uyoUo1kCO0c5jsJm-fzQ,,PT46S,fr,1351816,51817,2026-01-13T16:50:01Z
Howto & Style,26,heTRL63bQ2c,Toi aussi tu veux apprendre le dessin ? Clique ici 👆🏽 #dessin #challenge #art,Matdraw,UCeSvpQ_Y_uULK332vF_NFvA,,PT1M1S,fr,702686,38923,2026-01-16T17:44:20Z
Howto & Style,26,0tX4TmfAFMs,This Bench Comes With the Best View in the World😌💚 #shorts,Pretty Romantic,UCrvdMsIjkBv5VPUMZjSojaA,,PT14S,en,12932758,719887,2026-01-17T02:30:02Z
Howto & Style,26,w5jLZzvZciM,je mourrai en paix 🤍 #cheval #amour #pourtoi #equitation,Maé & Pépito,UCVMQHz_ZpKLGmGveSIdb4jg,,PT15S,fr,387820,18781,2026-01-16T18:50:53Z
Howto & Style,26,7NoMiYPgEXw,Vous auriez réagis comment  😂 #humour #drole #sketch #couple #radin,Clap Placzek,UCd7lzcWr6SjY4nOkCmka4AA,,PT59S,fr,493532,20423,2026-01-17T03:26:48Z
Howto & Style,26,_ccJr7Ml114,Ranking The Best Axe Designs,MrBrushHour,UC9fxuptniggBsCOa9l0qZaQ,"DISCLAIMER: Video Is For Entertainment Purposes Only, Do Not Imitate Any Action Shown. No One Was Harmed In The Making Of The Video.",PT42S,zxx,15201883,412608,2026-01-17T05:23:04Z
Howto & Style,26,Lm6CBaGo9kU,Ouff c’était pas pendant la CAN,Patineuse à bord,UCRlFR9f5QXByC9QjazfsjNw,📸 Suivez moi sur Insta pour les coulisses : @patineuse_a_bord,PT1M4S,fr,1120411,55564,2026-01-14T15:35:00Z
Howto & Style,26,QWRW-Zryx2M,Le meilleur tapis du monde 😱,Agguati,UCwlzJx2sL326jqFq78omGuA,,PT14S,fr,206612,13192,2026-01-20T16:00:40Z
Howto & Style,26,aovcJJ_1Bus,TEST D’UNE PEINTURE 3D ?! #dessin #humour #test,Lokos,UCNSHS7C6ffRUJIB3axdWQZA,,PT1M1S,fr,318989,15158,2026-01-18T16:14:48Z
Howto & Style,26,5ACQmNq2YZg,Ce poisson peut survivre sans eau pendant des heures,ApprendAvecTonTon,UCHooSojhiJoxkCd2VXJmwrA,,PT1M2S,fr,1183678,32549,2026-01-14T20:35:40Z
Howto & Style,26,LYI8Kp2xaQ0,We all have that 1 friend who drives like this #nürburgring #nordschleife #m3 #touring #epicsave,LongStoryShort,UCVodH2FJmsxK9OTTkAadOkw,,PT16S,en,4919414,96921,2026-01-16T10:33:03Z
Howto & Style,26,2YwESP_4GbI,Un bonhomme de neige pas comme les autres 🤣,Nicocapone,UCgrdZm9Nx3rCj8WenIoSIqw,,PT26S,fr,2352601,45542,2026-01-18T16:22:34Z
Howto & Style,26,M_GRT5-lIu0,"Swirls! Ultra Wet Gel then spray with Got2B, stays shiny and doesn’t move! #hairtutorial",Erin Parsons Makeup ,UCzViyYYoAyeH0O1zySGdJTg,,PT36S,en-US,12344191,646916,2026-01-15T14:43:37Z
Howto & Style,26,83VJIEZmzh4,MON TOUT PREMIER COURS DE DANSE CLASSIQUE ! #grwm #balet #danse,Anna's Decade,UCDWJVdEhCayE3GhjwNL3Naw,,PT56S,fr,470762,35401,2026-01-17T16:29:43Z
Howto & Style,26,NbmgqHWT15k,Je cours je me jette 🐣#Babyana.k,AnaManuelsvn,UCRWueefj_yQkmoKzreEE3RQ,Je cours je me jette 🐣 #Babyana.k,PT13S,fr,992200,34792,2026-01-14T01:01:57Z
Howto & Style,26,-66E81Q8c7I,Confiture de fraise #fraise #recette #recipeshorts #recipe #lifehacks #dessert #repas,CedricCommeLaBD,UCxfqlhehBH5lCGYGOz_HpCA,,PT1M,fr,587197,24260,2026-01-17T11:11:49Z
Howto & Style,26,O1xTfEm3xvY,Le Baby-Sitter « Faites des gosses 🥲 » Une journée à la ferme 👨🏻‍🌾#BabySitter #Ferme #Humour,Remy David,UCqplM1fADi2KqoREbs3okqA,,PT41S,fr,769858,11522,2026-01-15T16:33:58Z
Howto & Style,26,rmFQrY8KWYU,Les snacks au Japon DOIVENT faire la même taille que le packaging ! #shortswithzita #snacks,Imperatrice Wu,UCSvGJ4wHPc15KKRblbvyDhg,,PT28S,fr,629258,31386,2026-01-15T17:01:27Z
Howto & Style,26,-wcYVEssGd0,On as peur du jugement des autres mais qu’en est il de celui de dieu ? #lecondevie #courtmetrage,Kristina Lee,UCUlk4pr0Occw3D79WvjYG9g,,PT59S,fr,500538,15586,2026-01-16T15:18:19Z
Howto & Style,26,noo4iaweOMk,#vidéovirale #skit #intéressant #opinion #drôle,@hanggg7,UCtF6_qQkY_2z1qePcbBHg8A,,PT37S,fr,446701,12822,2026-01-17T02:17:29Z
Howto & Style,26,Gh-3K2XxdsM,"J'ai vécu un rêve, mon fils aussi 💙 la vie est belle 💙￼",Remi Ragnar,UCD1DAIeBN62QafNLArqZDrQ,,PT41S,fr,235913,9120,2026-01-19T18:55:41Z
Howto & Style,26,MlC-rnc8Lng,#anecdote #ecoledejardinage #france #astuce #jardin #storytime #paysagiste,LesEmployeursDuNet,UCr71Ya1MNhpsXBhjIjtev0Q,,PT1M2S,fr,497432,5986,2026-01-16T18:02:22Z
Howto & Style,26,ACgvgo5AZCk,Ce mec à mangé gratuitement pendant 3 ans 🥶​🥶​,Food-Passion,UCT0oCJPMbhblPoW0QvYbSoA,,PT38S,fr,1313607,39086,2026-01-14T11:00:32Z
Howto & Style,26,YlERtJ2XN28,Ah parce que vous pensiez que j’avais qu’un petit cousin mdr nan😭,dhbsnnns,UCmch4C1haHD2QYJXbbpDQOQ,,PT33S,fr,505619,8307,2026-01-17T12:14:29Z
Howto & Style,26,-n91PE43pQ4,#maths #mathematiques #prof #professeur #vlog #voyage #londres #eleve #ecole,Mirella Mckenzy,UCFbS8NZr8qQAaXcG__j9tlQ,,PT59S,fr,321668,11125,2026-01-19T15:42:43Z
Howto & Style,26,-0-PRvjA1Ms,Por favor comparte con tus amigos #pov #herramientas #sketch #gr (10),BRETT MARANDA,UC-7zPaHisRUVfbcvqTUbT1w,,PT33S,fr,944129,31188,2026-01-14T07:49:06Z
Howto & Style,26,hLNfARQzqCI,Drawing using thread #shorts #art,Ayushika art,UCz6WNwKPI3ZRZbuIvQqvc3A,,PT14S,en-IN,31027461,1016507,2026-01-13T09:17:59Z
Howto & Style,26,Y6H-K1xZ11Y,Watching Mystery mood swings🤣👉#zoey #kpopdemonhunters #mystery #dance #cosplay #funny,TripleY222 & Tarran D,UCcrusxbrV1SII8CBBTkfc_w,,PT11S,en,18945605,276751,2026-01-17T13:13:21Z
Howto & Style,26,Cb0UFUn4Pkw,AVEC @LaFamilleVentura,SANA ET LINA officiel,UCYNSkIONlMsvZIa9i01uRDw,,PT26S,fr,810023,26375,2026-01-15T19:55:16Z
Howto & Style,26,Ah1z_4pguMU,POV : tu fais une simultanée d’échecs 👀,Julien Song,UC3FXGTXQqx9cc2T7EDhslIQ,,PT57S,fr,740766,23899,2026-01-14T12:24:46Z
Howto & Style,26,ItCMmu4QJCc,Des inventions Japonaises qui sont stupides ! 😱​🇯🇵​,La vie au Japon ,UCRl9Z4ebZACyuccJmUOUElw,,PT1M2S,fr,1133872,42619,2026-01-14T17:00:34Z
Howto & Style,26,3ozFeh3Utdw,😱 Je goûte une sauce épicée !! #shortvideo #firstshortvideo #humour,Elodie Costa The Voice 10,UC5KwhNOy5odu9WJ3mxihJmg,,PT23S,fr,384361,5447,2026-01-17T19:33:13Z
Howto & Style,26,tR3XITX3Thg,We Built a Treehouse Using Only Plastic Wrap! 😱🏡🌲💚🌳  #diy #lifehack,Twins Style,UCDVPWrutNjUo570FyiRQV6Q,,PT1M1S,en,35551158,1492820,2026-01-15T14:57:47Z
Howto & Style,26,u7m9xuwRjnk,17 janvier 2026,Monsieur compliment,UCUKyzkgGuaJE1ki44l5Yspw,,PT42S,fr,389367,17443,2026-01-17T20:29:38Z
Howto & Style,26,XbyGNn2UrgQ,Il trouve les attractions à sensations fortes ennuyeuses.. 🤯,Storyinternot,UCDf7ibOwL0uCfT6akn0jwMQ,"🎥 Video edited & transformed by StoryInternot Montage, narration, analyse et modifications visuelles réalisés par moi. Original footage belongs to its respective owners.  ⚠️ Avertissement / Disclaimer – Personne n’a été blessé. Certaines scènes peuvent être encadrées ou rejouées. – Ne tentez pas de reproduire ce qui est montré. – Do not attempt to recreate anything shown in this video.  📩 Copyright / Contact Vous êtes propriétaire d’une séquence utilisée ? ➡️ Contact : storyinternotpro@gmail.com  Je peux retirer ou modifier le contenu immédiatement.  If you own any of the clips used, please email me and I will remove or edit the video.  ⚖️ Cadre légal / Legal Notice Cette vidéo est transformative (commentaire, analyse, humour, narration et montage). Elle s’inscrit dans : – France : Article L122-5 du Code de la Propriété Intellectuelle (exception de courte citation, parodie, analyse, commentaire). – USA : Fair Use – Section 107 Copyright Act (commentary, criticism, educational purposes).  This content is used under transformative purposes. Any false copyright claim will be contested.  🎙️ Credits Images originales : © auteurs respectifs Montage & narration : StoryInternot",PT27S,fr-FR,233911,10004,2026-01-19T10:20:43Z
Howto & Style,26,R72-Sc6W8Kw,Elle est gouvernante pour un comte et sa famille !｜TF1 INFO,TF1 INFO,UCsrPUA0ZSDCNZC6wyRlR7ZA,"✨ Isabelle est la gouvernante d'un comte en Bourgogne. Ce jour-là, elle doit organiser un déjeuner  dans la demeure familialle. Nous l'avons suivie !  Gouvernantes et majordomes : entre excellence et discrétion, ce dimanche à 13H30 sur TF1  ➡️ Toute l’actualité en direct sur https://www.tf1info.fr  🤳 Suivez-nous sur les réseaux  Instagram : https://www.instagram.com/tf1info Facebook : https://www.facebook.com/TF1Info TikTok : https://www.tiktok.com/@tf1info Twitter : https://twitter.com/TF1Info",PT2M3S,fr,338220,5586,2026-01-18T05:00:26Z
Howto & Style,26,7nP3WGXpSz4,La descente risquée de l’éléphant 😱,Textily,UCijuWGAyw4NBPPvqxyatJ1g,,PT22S,en-US,424843,10180,2026-01-18T19:50:08Z
Howto & Style,26,F2QeRjJ5T5Y,Qui connaît la vraie version ?👀 #fyp #viral #humour #shortvideo #shorts #trending #subscribe,Alicia & Toi,UC4MYQ39pYlDV1hPfN3K9sAw,,PT16S,en,190610,17096,2026-01-20T16:30:00Z
Howto & Style,26,iALdFYO5FeM,quel type de brosse / peigne selon ton type de cheveux ? 🩷 #hair #tips #adviceforgirls #beautytips,EVEL ,UCInc-RvuhTOn61mSXJtz8Qg,,PT13S,fr,387897,19779,2026-01-16T17:11:50Z
Howto & Style,26,Dkdw01Pux6E,Économise 300€/an😲,Salut_c'est_Jacques,UCgcmrXbn6Jx3gJrRiVp1fCA,,PT1M59S,fr,172874,5856,2026-01-20T17:38:49Z
Howto & Style,26,YNeasUjpOg0,Comment savons-nous qu'une femme l'a inventé? 😳  (@bellewluxe/TT),Jean Shorts,UCiTrRDqUBECD9_E6x0IpInw,,PT13S,fr,156163,5297,2026-01-20T12:03:00Z
Howto & Style,26,xQaotLCO5bY,C’est notre anniversaire !!!! 🎂🫶🏻,loufitlove,UCicJflaX_UIUfE8bS5rN0mQ,Abonne toi et like pour plus de vidéo,PT19S,fr,611278,41354,2026-01-15T16:56:11Z
Howto & Style,26,XnEoQWTqqPk,Les ados en 2016. #humour #2016 #ado,Miel tropical Shorts,UCEKCFBqtA2aLkCeNldaOIWA,,PT38S,fr,534835,50154,2026-01-16T15:35:51Z
Howto & Style,26,PwwxSy8hboQ,🤫don't tell our landlord #cat Climbing Rope for a Cat,Raja and David,UC53NoTct1J3bVf1R3lYnloQ,Video by OutdoorSavannah featuring Raja (cat) and David (human),PT25S,en,6737371,183749,2026-01-16T16:24:57Z
Howto & Style,26,EJUImxUD3OM,👀 She just DID THIS with a Porsche!? 🤯,Hollywood Garage,UCjARrDS3EWozklenXT0HD8w,"Watch the epic move and see how a true main character makes an entrance. Luxury cars, cinematic vibes, and pure adrenaline — you don’t want to miss this!  #Porsche #CarGoals #MainCharacterEnergy #LuxuryCars #EpicEntrance #CarLife #ViralCars #SupercarMoments #Shorts #CarShorts #AutoLifestyle #CinematicCars #CrazyCarMoves #TikTokCars #YouTubeShorts",PT10S,en,3483414,70563,2026-01-17T00:22:55Z
Howto & Style,26,0KP_COY1nx8,Ma mère voulait jeter mes feutres 😢❤️,vos faits,UCc68Ywh1QatI7X-yMBWyeBA,Ma mère voulait jeter mes feutres 😢❤️,PT22S,fr,403407,17067,2026-01-17T12:52:32Z
Howto & Style,26,EKiRN0PV_qI,MON DISTRIBUTEUR A MOISI,Cyril Schreiner,UC_-9Hi56JFs0fdUNVz2OlrQ,,PT1M3S,en,881386,30437,2026-01-14T15:10:10Z
Howto & Style,26,X3VVPDpIx6A,16 janvier 2026,Mrbrigadier,UCfuKWYHZg4q3yruT5TebFzg,,PT1M5S,fr,335056,4809,2026-01-16T14:02:24Z
Howto & Style,26,M9RNTc-5h14,Jamais rentrer plus tôt du travail😂#humour #viral #sketch #couple,wwriofnk,UC46ZTpTW3pNQ1PWGsvOS3Pg,,PT57S,fr,514753,15690,2026-01-16T12:34:39Z
Howto & Style,26,mG6psKuHHTE,"Nouilles piquantes, hommage 🤭",Cookinut,UCdJ0NMfjUNcBJTG71jInrjw,"Nouilles piquantes, hommage 🤭  On m’a fait des trucs pas cool, j’ai aussi fait des trucs pas cool.  C’était pas une période incroyable, mais je suis totalement passée à autre chose. J’en parle sans gêne, sans colère, sans honte. À la base, c’était pas un sujet que je comptais aborder. Mais comme on me dit souvent qu’on m’admire, qu’on ne peut pas m’embêter… si ça peut faire du bien à quelqu’un d’entendre ça, tant mieux. Maintenant je vous donne la recette de nouilles que personne ne va refaire.  📖 La recette pour 2 👫 : Commence par réaliser la marinade dans un bol en mélangeant la sauce soja salée, la sauce huître, le vinaigre de riz et l’huile de sésame. Coupe ta viande en petits morceaux et mets-la dans un bol. Ajoute un peu de ta marinade avec la maïzena, mélange bien puis laisse-la reposer au frais environ 25 minutes. Fais ensuite cuire ta viande dans une poêle sans faire cramer comme moi. Une fois cuite, retire-la de ta poêle pour y faire cuire tes légumes (pakchoï et tiges de cébette) et l’ail dans un peu d’huile (sésame ou neutre). Ajoute un peu d’eau puis laisse cuire tranquillement. Pendant ce temps, tu peux t’occuper de cuire tes nouilles udon. Une fois cuites, ajoute-les directement dans ta poêle avec le reste de la marinade. Mélange bien avant d’ajouter ta viande. Tu peux servir tes nouilles avec un peu de sésame, de vert de cébette et quelques gouttes d’huile piquante, miam 😋  🛒 Comme d’hab ce dont tu auras besoin ici 👇 - 450g de nouilles udon - 6 c.à.s de sauce soja salée (tu peux mélanger avec de la sucrée) - une c.à.s de sauce huître - une c.à.s de vinaigre de riz - une c.à.s d’huile de sésame - 2 morceaux de boeuf type onglet - une c.à.s de maïzena - 2 gousses d’ail - un bouquet de cébette - un pakchoï - un peu de sésame et d’huile piquante  #cookinut #humour #easyrecipe #storytime #harcelement",PT1M11S,fr,385429,39276,2026-01-18T08:40:00Z
Howto & Style,26,eF0h57cNhME,New Red Hair Is Incredible ❤️,Mr. Ploof,UC6qfRR2JRO-PCYMTZO92Z_Q,"The new red hair in K-Pop Demon Hunters is giving us all the vibes 😳🔥 Absolutely incredible transformation — couldn’t take our eyes off it! 👀 Like 👍 if this look is amazing, subscribe for more K-Pop Demon Hunters Shorts, and comment what you think about this new hair ⬇️ Share this with a friend who loves bold and stylish character designs 😄",PT24S,ko,40462432,481794,2026-01-16T21:45:04Z
Howto & Style,26,s9dwF56I-bk,Any guesses? 👀🎨 #yodajjeom #colormixing,Yoda Jjeom,UCNKjSbbksjCE6M1kzfaumqQ,,PT12S,en,22923744,257197,2026-01-17T01:47:44Z
Howto & Style,26,WTXDUk0mWpw,Elle taquine son bébé 🤣❤️,Tout Connaître TV,UC4zAkNsS3DmGgpn-kfOUK3g,"Cette jeune maman vient de faire la plus adorable des taquineries à son bébé ultra mignon, mais ce qu'elle fait vraiment va te faire exploser de rire ! En pleine tétée, elle réalise que sur sa poitrine se trouvent les DEUX choses absolues que son petit garçon préfère au monde. La réaction de ce bébé gourmand face à son ""double festin"" est simplement légendaire et irrésistible !Moment famille hilarant, bébé surpris, allaitement rigolo, réaction bébé priceless, taquinerie maman trop mignonne. Cette vidéo de bébé qui découvre ses 2 bonbons préférés va te faire fondre et partager direct ! 👉 Like si la réaction du bébé t'a tué 👉 Partage cette pépite familiale avec tous tes contacts 👉 Abonne-toi pour + de moments bébé trop drôles",PT14S,fr,268807,2711,2026-01-18T11:00:55Z
Howto & Style,26,e8VgjxsewxU,2025 Lookalike Wearing Tiara vs Marilyn Monroe (1953),marilyn monroe fandom,UCjyAXCpNmYXjACB-hqmlRJQ,,PT19S,en,13246216,380011,2026-01-16T14:28:51Z
Howto & Style,26,COn9qbe-e9A,Try something different next time 🙋🏿‍♂️ #learnfromkhaby #comedy,Khaby. Lame,UC86suRFnqiw8zN6LIYxddYQ,,PT17S,en,10084058,292657,2026-01-15T15:06:00Z
Howto & Style,26,SJp5GxI07Q4,🔗Découvre mon business sur mon profil,Keo,UC0_UIYKZS7v1rh4fmcbonoA,"Moi c'est Keo, à 21 ans je suis devenu millionnaire, et j'ai décidé de t'expliquer comment faire.  ✅Le lien est sur mon profil...",PT13S,fr,338180,15004,2026-01-16T10:53:02Z
Howto & Style,26,FCBZBvAd7XE,Je prône pour plus de 🎀Haul🎀 version 18ème siècle 😂 #curlyhair,kenzablkn,UCp3j3y8gDlmmjq0YGmPEbiw,,PT1M11S,fr,292747,33829,2026-01-20T17:06:51Z
Howto & Style,26,8khz6eaO4Gs,ABONNES TOI :) #recettefacile #sandwich #easyrecipe,Eryn SHOW,UCPKUk9iUEt6pIbfoG9l481Q,,PT1M2S,fr,230811,13071,2026-01-19T20:21:54Z
Howto & Style,26,FbzXV39aBjI,Ils font le sport le plus rare au monde 😳,Trunkyzoo,UCIGo2IKc4xxVV14zvJegVwQ,,PT1M10S,fr,621231,31160,2026-01-14T16:41:10Z
Howto & Style,26,BP_JfkDyruo,18 janvier 2026,Lenglart Louna,UCuqZykaY5H0vcDKMlgZ2HJA,,PT11S,fr,207704,8062,2026-01-18T10:52:23Z
Howto & Style,26,tLgHFNYpLms,Double backflip en roller ✅😍 @F@FRSkates,Cléopâtre,UCqShXjzkCs3ylBysz2dhr6Q,,PT14S,en,1109713,23659,2026-01-13T17:19:49Z
Howto & Style,26,gHt1yIBfgyc,Your turn to get your hair done 😁 #asmr #tutorials #fails #humour #drole,Cilia Ghass ⵣ,UCV3XeIVKl6rRYlQavPu4Fog,,PT29S,fr-FR,285340,15624,2026-01-18T18:44:20Z
Howto & Style,26,7ZUqmdSu31M,How I protect my bikes,Uyen Ninh,UC-uNVV92llYIMC5-ZUF0Q4w,,PT22S,en,6972989,485529,2026-01-18T16:11:17Z
Howto & Style,26,K3yqa9MOAzA,"Votre avis sur la trend ""SIX SEVEEEEN"" ? 💀 #helydia #pourtoi #twitch",Helydia,UCYP7NiekhNAGv1NOjcJQLvA,Contact : Contact@Helydia.fr  💖 S'abonner ➜ https://www.youtube.com/@helydiaa   🎥 Twitch ➜ https://www.twitch.tv/helydia 🐤 Twitter ➜ https://twitter.com/helydiaa ⚫ TikTok ➜ https://www.tiktok.com/@helydiaa 📷 Instagram ➜ https://www.instagram.com/helydiaa/ 🔵 Discord ➜ https://discord.gg/hely,PT35S,fr,1047349,50066,2026-01-12T17:00:38Z
Howto & Style,26,SKFfj56uldU,Tiktok #tiktok #faitpercer #pourtoii #repost,S_212,UCjlAkDrVHBimaffKulesmbA,,PT18S,fr,177201,14045,2026-01-20T16:42:57Z
Howto & Style,26,jikqbgr02Ok,"Mais qui a fait ça, encore ? 😁 #chineserestaurant #dumplings #parisfood #chineserestaurant #food",Trantranzai,UCemdXA1lG2z6EgEgu0A8NYw,,PT15S,fr,433139,17384,2026-01-15T16:38:01Z
Howto & Style,26,QUCCYd_XhCk,Cette famille a mis tous ses chiens à l’abri… mais un inconnu est entré !🐶😱🏠,Lola,UCF-ixEeIwlhoZy3iIarSIbw,#Shorts,PT35S,fr,249636,24135,2026-01-20T20:06:08Z
Howto & Style,26,3ume77SCnzo,Mets ta taille en commentaire si tu les porterais 🥰#disney #talons #disneyprincesses #heelshoes,Talondeverre,UCv7aQBVzTk1jky-fZXW1fLA,,PT27S,fr,513284,26319,2026-01-17T17:25:43Z
Howto & Style,26,-iLX7QcQKDU,Vous avez compris le sketch  😂😂😂 #shorts #youtubeshorts #shortsforyou #viralshorts#fyp,LoveL,UCLQ-FnDw5ZIBWMNqqL5nnFg,"⚠️Only for Entertainment purpose :- ✅    DISCLAIMER: This Channel does not promote any illegal product, content, or platform, doesn't encourage any kind of prohibited activities. All contents provided by this channel are meant for EDUCATIONAL purposes only      Disclaimer: This Channel Does Not Promote Any illegal content, all contents provided by This Channel is meant for EDUCATIONAL and News Update purpose only. The content is based on individual research.      Copyright Disclaimer Under Section 107 of the Copyright Act 1976, allowance is made for ""fair use"" for purposes such as criticism, comment, news reporting, teaching, scholarship, and research. Fair use is a use permitted by copyright statute that might otherwise be infringing. Non-profit, educational or personal use tips the balance in favor of fair use.  am not the real owner of all the videos shown on our channel and all the credits go to the respectful owner.      In case of copyright issues, please contact us for Credits or Removal.",PT1M15S,fr,551781,32975,2026-01-14T16:45:01Z
Howto & Style,26,w84n8YE5uwQ,Nothing is earned without falling and getting back up 💪🏻,Sarah Lezito,UCvlBxzsiVjykUcKW9OxN8kg,,PT22S,fr,5630711,125685,2026-01-16T16:55:25Z
Howto & Style,26,SwPqOwhDm6I,J'ai testé les bouteilles d'eau les plus chères de France !,Antton Racca,UCxAe6guYq0Q-UBfQrEauF2A,,PT1M24S,fr,567901,32798,2026-01-16T16:08:00Z
Howto & Style,26,9SM0vmf_TUE,#fypviralシ #repost #trending #abonnetoi,yl.repostt,UCTtBmFudL9g8DIVhA1FOeNQ,,PT12S,fr,480903,29367,2026-01-14T14:31:11Z
Howto & Style,26,_ddtPeU6K8k,Vous êtes du genre à tout vous dire avec vos frères et sœurs ? 🤭 #twinsisters #twinmoments #twins,Glimmer WinkLL,UCDWDGklrKGJzGP6nvq_P1Iw,,PT59S,en-US,245365,13991,2026-01-18T11:03:00Z
Howto & Style,26,NkKgjME7d6w,Papi a rendu le chien très heureux 😯❤️,Espongi 🧽,UC32jDmCsj1l0bOl6LDm58Jg,"Histoire📸: Cet homme a dû laisser son chien chez son grand-père avant de partir en voyage. Il avait peur que son chien se sente seul. Mais dès son arrivée, le chien a explosé de joie en jouant dans d’énormes tas de feuilles. Chaque jour, le grand-père lui en préparait de nouveaux, et le chien s’amusait sans arrêt. Cette joie a rappelé au grand-père son enfance. Et quand le maître est revenu, il n’a pas résisté et a rejoint le jeu. Mais le chien est devenu triste, parce que tu n’as pas mis de like.  #histoires #shorts",PT22S,fr,378652,16185,2026-01-17T19:00:00Z
Howto & Style,26,ZQjkAHj12PA,Test des patchs anti acné @La-groupie #shorts #youtubeshorts #trending #viral #shortvideo #funny,La Groupie de TIKTOK ,UC_Om09pH1FpAcibR5MxKAIw,,PT46S,fr,398460,18172,2026-01-16T11:01:56Z
Howto & Style,26,gfluM1qUmy8,"Une galette, ça se partage ! 👑✨ #maisonkayser # boulangerie #galettedesrois #paris #frangipane",Maison Kayser Academy,UC1rO5ROMrEzqoVunKUo_8cA,,PT39S,fr,705812,35386,2026-01-13T17:02:41Z
Howto & Style,26,0IiT6MfNxh4,"""Tag your siblings 🤣 #sisters #funny #funnyvideos #funnymeme #gymhumor #gymcomedy #comedy",Solar1Wisp,UCtJLc9jpcyW8hiKbv80gTSA,,PT21S,en-US,12808109,118660,2026-01-13T15:32:01Z
Howto & Style,26,9nK9jOVtMlM,8 astuces de vélo que chaque passionné doit connaître!,Fascinologie,UCM6kj6U9lFDrK0-bRenKATQ,"Chaque passionné de vélo devrait connaître ces 8 astuces pour faciliter l’entretien et améliorer votre expérience de ride ! Lubrifiez votre vélo, ajustez votre selle, sécurisez vos freins, créez un garde-boue maison et bien plus. Des conseils simples et pratiques que vous pouvez appliquer dès aujourd’hui.  N’oubliez pas de liker et de vous abonner pour plus de hacks vélo !",PT1M8S,fr,741237,15379,2026-01-15T19:09:30Z
Howto & Style,26,p5PS4whIRgA,A votre avis c’est qui ? #manda,manu&ana,UClftuKmNaIZEpW312AFjUyg,,PT16S,fr,324130,17841,2026-01-16T17:48:09Z
Howto & Style,26,F_0L5acwG98,CE MASSAGE EST IMPOSSIBLE À FINIR ! 🤯🦷🚫,Neezay 2.0,UCEhEgGDe_NW7cqlvArK6VLg,Neezay 2.0 #shorts   Mail PRO : neezshorts@gmail.com,PT30S,fr,802915,19550,2026-01-14T17:00:22Z
Howto & Style,26,rDA_ZYdIT8k,ELLE GÂCHÉ LE MARIAGE PAR JALOUSIE 😱💔🤫,Neezay Shorts,UCmej3PrVAetb4DTgcsEuEPQ,Neezay #shorts,PT17S,fr,410423,21324,2026-01-16T16:01:19Z
Howto & Style,26,ruGO3SrGesM,"Amputée à cause de la guerre, cette gymnaste ukrainienne se relève et inspire le monde !",Le Média Positif,UCfgXwqDwvgn3WbxxBoC4gjA,"🇺🇦 Amputée de sa jambe droite à cause de la guerre, cette gymnaste ukrainienne a transformé l’horreur de la guerre en courage et détermination. On te raconte l’histoire de Sasha Pascal. 😍  Abonne-toi pour plus d'histoires positives ! 🍀",PT1M,fr,252316,18784,2026-01-19T18:01:06Z
Howto & Style,26,oee_IKmYGFU,Comment aceuillir ses meilleures amies avec amour et douceur:#pov #short #shortvideos,FR.yannissur,UCfTuZvpQij9lQUGvmupWD5A,Comment aceuillir ses meilleures amies avec amour et douceur:#pov #short #shortvideos,PT10S,fr,357352,20382,2026-01-15T13:09:35Z
Howto & Style,26,pI2Y2gNQ0Lo,Je suis la seule à faire ça ? 👀😳,Mareva_Kelly,UCVHPBfEnYvkXRIhTTb84grA,#couple #reality #humour #home #homedecor #cleaning,PT18S,fr,188866,10811,2026-01-18T18:01:27Z
Howto & Style,26,_b8hID79U58,#illustration#art #pov#digitalart#procreate,JokeJuggler​1210,UCDnvmrySQ-Mc-UluPHFEeWQ,,PT45S,en-US,531351,24542,2026-01-14T09:44:18Z
Howto & Style,26,T5vQuZxvCpw,Vous auriez choisi quelle couleur ? 🎧,SAPHO,UCKTdKPZC_xAavVJ0Oku5cjg,,PT32S,fr,192238,16805,2026-01-19T16:14:21Z
Howto & Style,26,t9nc_S71fik,Cette petite sœur prend soin de sa grande sœur qui s’est endormie sur le canapé #shorts,Instant Paroles,UCx7JCbGOeZVOKHxV1AWVPjw,,PT26S,fr,368855,22344,2026-01-17T17:32:12Z
Howto & Style,26,4cfsNQby3bY,Cet agriculteur français a chassé des squatteurs avec du lisier (Hautes-Vosges),Curieux d'Histoire !,UCmPc6UMESIxMavY9YFl9RLA,"Au début de l’été 2025, plus de 400 caravanes se sont installées illégalement sur la prairie d’un agriculteur dans les Hautes-Vosges. Après avoir tenté le dialogue, puis contacté la police sans résultat, l’agriculteur et ses voisins ont pris une décision radicale : asperger le campement de lisier.  La scène, filmée, est devenue virale et a relancé le débat sur le squat, le droit de propriété et les risques légaux encourus par les agriculteurs en France.",PT1M1S,fr,497259,21803,2026-01-15T17:23:00Z
Howto & Style,26,kqYLCfXiynA,Arancinis des neiges !,Bonne Pitance,UCPUQt1E49BC4XYI6oqJc6Pg,,PT1M26S,fr,212372,9758,2026-01-19T11:14:27Z
Howto & Style,26,EXNdSvaA6sQ,He even dared to speak rudely to me !,Prism_airsoft,UCCzxkP0YtBY0BKb3BE_siqQ,#airsoft #airsoftcqb #milsim #warzone #fakegun #airsoftgun #airsoftfrance #callofduty #paintball #combat,PT19S,fr,134847,4871,2026-01-18T15:00:25Z
Howto & Style,26,rihwQoCbDpw,✅ Moralité de l’histoireLe problème n’est pas les poils. Le problème,lovedez3,UC4l8tDHQKxzx1eZH_OicETg,"✅ Moralité de l’histoire  Le problème n’est pas les poils. Le problème, c’est la honte qu’on projette sur l’enfant. Une enfant de 11 ans qui est bien dans son corps n’a pas besoin qu’on la “corrige” : elle a besoin qu’on la protège. 👉 Forcer une épilation, ce n’est pas “un soin”. C’est lui apprendre que : son corps dérange, elle doit se conformer pour être acceptée, et que les adultes ont le droit de décider à sa place. Et ça, oui, ça peut marquer.#short#lovedez3",PT1M25S,fr,357323,32596,2026-01-16T20:40:21Z
Howto & Style,26,Fovz4zVyQEQ,Makita Snow Thrower,Kruger Construction,UC5ONvNxdX353tMyP-vmC9nQ,"I’ve been waiting to try this Makita 12” Snow Thrower all winter and finally I got my hands on it • This snow hasn’t been cleared since winter started, it’s seen a good amount of  -30° and the last couple days it’s been above freezing. • This Snow thrower can attach to the 18v, 36v(2x 18v) and the 40v powerhead. I have it on the 40v XGT and am pushing it pretty good through the max depth and it taking it no problem • One thing to look for is the louvers to throw the snow each way or straight which this one has. • Great work on this Makita! I’m impressed  @MakitaToolsUSA  . . . #tools #construction #makitapartner #makita #snow",PT22S,en,12566675,283264,2026-01-15T03:11:13Z
Howto & Style,26,JPmxfjNL6AA,Los bebés encuentran la manera de ensuciar 😭,Mac4nthony,UC_vvqavxh62NhBfxCtJ55fQ,,PT13S,es,12512755,156957,2026-01-15T20:20:43Z
Howto & Style,26,AcOhlT4Yqsg,La Panique Visuelle qui a Tout Changé (et le Chien Oublié) 👁️💧🐾,𝗝𝗖 𝗧𝗘𝗖𝗛,UCcHS5SsLga-Pd6TzLtLSUug,MASCARAGATE : La Panique Visuelle qui a Tout Changé (et le Chien Oublié) 👁️💧🐾  #TutorielMascaraDrame 💄 #ErreurMaquillageExtrême 😱 #ChienDansLeFroid 🐕❄️ #RescuteLeChat 🐱 #AidezLesAnimauxSOS 🙏 #LikezPourSauver 👍 #PanneVisuelle 👁️ #CaniculeDeLarmes 😢 #UnCoeurEnCommentaire ❤️ #ViralAnimalier 🦮,PT36S,fr,774717,51482,2026-01-16T23:54:40Z
Howto & Style,26,mJfFJmDx-io,🌸 🌷 L’AFFAIRE DE MES COLIS DISPARUS… AVANT YTB￼ 🌷,Nikaido,UCrMhrJYAiZL1TK4IY5v_U-A,,PT1M5S,fr,164057,11834,2026-01-20T19:32:37Z
Howto & Style,26,iCZULlswX60,Tout les Francais🕺,Lolike Sabotapo,UCAuIZBItKihsJ0AGc8eotKA,,PT32S,fr,1007160,21054,2026-01-13T01:10:52Z
Howto & Style,26,AFoPLk2KN84,Je deviens chevalier mais on me prends pour un clochard,Guillaume Genou,UCwG2muK9xT_HFK7xC6n-PIw,"Je comprends pas pourquoi personne me prend au sérieux à Westeros ? C'est peut-être mon outfit de paysan.. En tout cas ils verront bien quand j'aurai gagné le tournoi de joute. Pour voir la suite des aventures de Duncan le Grand, regardez #AKnightoftheSevenKingdoms sur @HBOMaxFR.",PT3M,fr,284714,29447,2026-01-19T17:29:10Z
Howto & Style,26,PTZpiE-X5tI,Un arbre a faillit écrouler mon château !,thierry vigneau Boiserie,UCMSA4KvFVDy45aQ3OnrGADA,"Vous kiffez quand on fait du bois alors aujourd'hui nouvel épisode ! Bravo aux gagnants du concours❤️  Mon shop boiserie : https://la-boiserie.fr  Mes magasins⬇️ 👉Mx shop moto / Shiftech: 6 Rue du Carr Norgands, 44880 Sautron 🏍️ 👉Jabois Assurance / Essencial airsoft : 20 Rue du Landreau, 49070 Beaucouzé 🔫 👉Les macarons de lulu : 5 Rue Maurice Berne, 49130 Les Ponts-de-Cé 📞 02 41 91 01 52  ➡️ Ma chaine secondaire :  @luluroncedenoyer3468   Pour avoir des exclus c'est ici : 👉 INSTA : @thierryvigneauboiserie (1.5M) 👉 INSTA de Nath : @nathcupif (286k) 👉 SNAP : luluvng (1m) 👉 FACEBOOK : thierryvigneauboiserie (1M) 👉 TIKTOK : lucien_laboiserie (96k)",PT43M3S,fr-FR,496112,28620,2026-01-18T11:00:45Z
Howto & Style,26,lRYbaDhkr8I,Stop en 2026 ! ❌🤣 #chevaldetrait #cheval #equitation,Untraitdecheval,UCch8W34VfLp_JI1J8rYXTrA,,PT1M6S,fr,379684,23617,2026-01-16T17:10:15Z
Howto & Style,26,SVXjNoEuCbM,Le plus pratique #tuto #deco #decoration #calendrier #reno #renovation #upcycling #organisation,Juste crée le.,UCkuZHZYJH9ueFttwOZ7mQLA,,PT1M29S,fr,404936,20001,2026-01-16T18:29:35Z
Howto & Style,26,eT6hXFEFDr0,J'enlève les logo de ma Tesla 😭💔,benoit_chevalier,UCTb3KFXkJpdvLku09Ly9dkg,,PT55S,fr,315136,11116,2026-01-17T17:15:06Z
Howto & Style,26,a4x7FqTg9_o,Voilà comment les gens se lavent quand ils ont la phobie de l’eau😌,Ana Hnf,UC907TPs-L1d-hgE_pH1HVmg,,PT39S,fr,223847,25866,2026-01-19T14:00:01Z
Howto & Style,26,RewOX7hEqyE,😱Personne ne s’attendait à CE RÉSULTAT👀📸Quelle est ta préférée?✍🏽#shoot #danceclass #photography,SABRINA LONIS,UCbh6341LBgItNp-U5v_f5mw,,PT31S,zxx,332948,10539,2026-01-17T17:00:44Z
Howto & Style,26,B3Ugn8dod2g,Notre journaliste veut changer de métier et teste un nouvel agrès de cirque | OPEN TO WORK,Konbini,UCHQda5vLxrH0Ff0I0kMq4zw,"It's only on Konbini !  Konbini est là depuis 2008 pour célébrer la culture, la diversité des talents et les sujets qui engagent la jeunesse. Mais le plus simple, c’est de vous montrer tout ça !  👽👇Retrouvez tous nos reportages et toutes nos interviews 24h/24 et 7j/7 juste ici 👇💥  ► Konbini  :  https://www.konbini.com ► TikTok : https://www.tiktok.com/@konbini ► Instagram :  https://www.instagram.com/konbini ► Snapchat  : https://bitly.cx/hFmq  Konbini, in pop we trust !",PT58S,fr-FR,230335,5331,2026-01-18T14:15:01Z
Howto & Style,26,7ZgEJPKrVSs,Ne fais JAMAIS ces 3 choses avec un katana ⚠️,Mon Katana,UCelMRUB8Am0tqI68N2wXEyQ,Ne fais JAMAIS ces 3 choses avec un katana ⚠️,PT36S,fr,186369,6988,2026-01-19T17:04:29Z
Howto & Style,26,N1neyju01vo,Quand on fait cuire du riz 🇯🇵🇫🇷,Tokyo no Jo,UCdX4YGh4EH5xDNobHVe4RWA,,PT54S,fr,671252,31191,2026-01-13T16:53:21Z
Howto & Style,26,maxEc18JpRU,Les pâtisseries françaises 🇫🇷 VS Les pâtisseries Algériennes 🇩🇿 #algerie #couple #france #dz,Cherif&Emilie ,UCQYa_Udtsx8LVhtEeqo3GdQ,,PT1M1S,fr,423428,12623,2026-01-17T19:15:31Z
Howto & Style,26,yUrA3LZDBWA,Unexpected fish behavior.#fish #funny #sealife #fishvideo #viral #foryou,Furry MixTape,UCVVNE-0MgpWyYB0VAwX69kQ,,PT1M6S,en,14916952,482545,2026-01-16T04:13:44Z
Howto & Style,26,Zg733HwXwQI,Alors tu fait quoi 👀😭 #fypシ #abonnezvous❤️ #bygadya #tropbien #commentaires,GADYAヅ,UCMiPVcF5jhdNk-jTL677suQ,,PT16S,fr,257157,13871,2026-01-17T14:51:08Z
Howto & Style,26,sbXa6jDgCHY,"Keine Ahnung woher, aber unglaublich Lecker #probierenmitkarina #probiersen",Karina2you,UCkEeiJNvcMyU5Hsw_WR63cA,,PT1M16S,de,7613148,342375,2026-01-16T23:54:39Z
Howto & Style,26,inHcopTglr4,Fouttue fissure 🫠,Aline Dessine,UCdg2UgrM2iwNQf6N18vJuZw,,PT2M15S,fr,248437,22321,2026-01-18T13:23:11Z
Howto & Style,26,c0fSHOC9qgw,Cette couleur N’EXISTE PAS ⁉️😱 #artchallenge #dessin #colortheory,Grin,UCziVEe-MbyUDrTMYgN5_IDQ,,PT1M1S,fr,264065,17234,2026-01-18T18:50:31Z
Howto & Style,26,fsKsSMboSSg,💍 ou ✈️?,Layanne Bch 🤎,UCzesnoTLEHw1yQEOk_Nrsnw,,PT58S,fr,1136052,51653,2026-01-13T16:49:33Z
Howto & Style,26,PlzItJezWRg,L’attaque en mer : la chasse au requin-taureau #fun #fishing #fishingboat,Guo Xiaoxiao,UCzuGo0PzCZjsrDCshmk6lew,,PT1M,fr,235337,4396,2026-01-20T11:19:16Z
Howto & Style,26,L1imj2A8XCM,Faire du chouchen 🍎🍯,Le Grand Gaulois,UCRMUIGRzCHm92GXXD2FCc6A,,PT2M54S,fr,261656,10735,2026-01-18T08:49:48Z
Howto & Style,26,geLVKygRv88,Un fan de pâte à cookie crue revient pour se reprendre un pot…#fyp #cookiedough #pastry #topping,We dough - Cookie dough,UCpoU0wnhiQ2A3m15Lk2-glg,,PT46S,fr,533901,18971,2026-01-15T17:01:12Z
Howto & Style,26,4zEIQm_cwcY,"Papa pétrit la pâte avec ses pieds 😲😱 ~ Nouveaux gadgets viraux, appareils intelligents, cuisine",génie14-c8u,UCedDc2mS1-G0PCLG9zAJG9g,,PT25S,fr,411943,0,2026-01-17T17:00:19Z
Howto & Style,26,kc_f-5vJ0Qs,ILS ME PRENNENT POUR UNE FILLE😢 ( MAIS C'EST DIFFICILE À RÉUSSIR SA COUPE)🫢😱#coiffeur #barber,Dayercuts,UCQoCE21XuXI_qNl55NFPUvA,J'AI TEXTURISÉ SES CHEVEUX FINS AVEC LA PÂTE TEXTURE COIFFANTE DAYERCUTS ‼️😍 _______________________________ LIEN EN BIO POUR PRENDRE RENDEZ-VOUS‼️ PÂTE TEXTURE Dayercuts disponible en bio ‼️ #montrealbarber #taperfade #coiffeur #barber #hair #glowup #transformation #fluffyhair #blowouttaper #texturedhair #montreal #midtaper #fyp,PT45S,fr,175550,7303,2026-01-20T15:45:05Z
Howto & Style,26,UZQi9_fUMu4,Hangers that save space 🧥✨,Wood Mood,UCO5gl04EhuLl4d6HZMQdg0A,This activity is performed by actors in a controlled environment. Please use caution if you plan to replicate. Music by Epidemic Sound: https://www.epidemicsound.com/  #craft #woodmood,PT20S,en,2111754,15181,2026-01-19T19:10:00Z
Howto & Style,26,4o_Eyi-sMg0,FUMER LA CHICHA ÉQUIVAUT À FUMER 25 CIGARETTES EN UNE FOIS ?,LEGEND,UCIh7PDUAP226Pa_NtjN9Jqw,Fumer la chicha équivaut à fumer 25 cigarettes en une fois ? ⬆️  L'interview complète est sur YouTube et en podcast sur toutes les plateformes 💥,PT39S,fr,163180,2929,2026-01-19T14:30:04Z
Howto & Style,26,aHkSMKdsfEY,Il a piégé son patron 😳,terr,UCvI1CZNa6wHs8tg4uSSgj3A,#shorts  crédit : @ matteos_budapest sur instragram,PT26S,fr,451873,27719,2026-01-14T15:55:17Z
Howto & Style,26,CCznwHB0-20,Le glow up 😂😂 #glowup #trend,Sania-Hasna,UCin3NLb0CJF_uchXfduIn9w,,PT12S,fr,193481,20435,2026-01-18T20:12:15Z
Howto & Style,26,vuPT23w_XSg,@onyxfitnessli 2027 Mr. O vs @gymshark baddie @ellaesberry WHO WINS?,NDO CHAMP,UCb_DAzkoibqzG2umzpSRzgA,,PT30S,en,14237310,0,2026-01-16T13:37:19Z
Howto & Style,26,3fbyXe_8nf4,#comedy #relatableaf #funny #relatablemems #relatable #school #schoollife #schools look,Eva96MH,UCK6zDP8ih4ZHX4zc0nyAWJg,,PT1M,en-US,117081,7553,2026-01-20T15:48:00Z
Howto & Style,26,Gmv75R-T7RU,"This is so funny, l couldn't stop laughing #funny#doddlersoftiktok #funnyvideos#duet",Ethan,UCbqzAuqU1r8ZSovoSNHadaQ,,PT58S,en-US,707394,28836,2026-01-13T17:00:28Z
Howto & Style,26,SQTpAf8rCBw,"if she starts giving you an attitude, pull this out!",Billy Wenk,UCIIUvPyGelckLIY68ilTTKA,,PT11S,en,11267618,301381,2026-01-15T12:37:55Z
Howto & Style,26,zVOlKqAQulA,Petit coup de vieux pour François Civil avec son filleul Eloy Pohu 🤣,CANAL+,UCb4UAZwZqS4a35FrBcLlMXA,"Les #César2026, à vivre le 27 février en clair, en direct et en exclu sur CANAL+.  Crédits 📸 : AURORE MARECHAL / GETTY IMAGES EUROPE / Getty Images via AFP -------------------------------------------------------------------------------------------------- Suivez-nous sur les réseaux sociaux 👇  Instagram : https://www.instagram.com/canalplus Facebook : https://www.facebook.com/canalplus X : https://twitter.com/Canalplus TikTok : https://www.tiktok.com/@canalplus",PT30S,fr,121034,1542,2026-01-20T11:49:42Z
Howto & Style,26,dZhGiIFlDSM,Il a découvert un appartement caché sous le plancher de sa nouvelle maison 😮,BIZARRE,UC6BRH7FXbP9Y9DyBrErFQSg,cred to: 404broker on ig 🙏🎥,PT23S,fr-FR,260745,0,2026-01-17T14:55:01Z
Howto & Style,26,8S0vohi1gak,Désolé les mecs en couple… Cette vidéo va vous faire réagir 😜 #couple,NgaVu9685F,UCika3orTWE1mThW8xY277oQ,,PT1M,en-US,173153,5829,2026-01-19T16:57:00Z
Howto & Style,26,zzFYNyNSvb0,Bonne reprise des cours 📒#école #trendingshorts #fyp #pourtoi,RT Family,UCoSovcGwMZEYDDlpntOls_A,,PT16S,fr-FR,295012,7346,2026-01-18T19:26:23Z
Howto & Style,26,p8Qeg5-sZTk,One day you & me 🥹❤️‍🩹😂,Endless Love,UCH8x9zAJbpfipmHosNuwu_A,,PT15S,hi,6306243,154818,2026-01-18T11:30:47Z
Howto & Style,26,rw5xaisuGU4,Ce petit chien n'arrivait pas à retrouver son maître 😱,Raccourcissement du film,UC1mPmzbiMGAjmJRKhEXO1Hw,Ce petit chien n'arrivait pas à retrouver son maître 😱,PT44S,fr,125990,10968,2026-01-20T18:01:04Z
Howto & Style,26,rLz21N54QSo,Dessin d’une Noiraude ULTRA fluffly avec Coton Tige ! #shorts #art #dessin,TutoDrawSurprise,UC7Wa-bGo-UXNbFZhgZP2BpA,Dessin d’une Noiraude ULTRA fluffly avec Coton Tige ! #shorts #art #dessin,PT1M1S,fr,456760,29530,2026-01-15T19:33:57Z
Howto & Style,26,xxzhAxAFBxw,I can’t believe he missed one 🤯 #paulinashows #viralvideo #reaction #satisfying,Paulina Shows,UC9EKx2jNN4TxhGJmckC9ZXQ,,PT32S,en-US,44062902,644614,2026-01-06T14:24:34Z
Howto & Style,26,Uqecdik0xEI,Savoie : une skieuse perd l’équilibre près de la piste ⛷️,Mediareportv,UCCLowN-mtjWK1dsdOqxnC4g,Une skieuse a glissé à proximité d’une piste en Savoie.   Une scène filmé par la caméra d’une amie.   Une scène qui rappelle l’importance de rester attentif en montagne et de respecter les zones balisées lors de la pratique du ski.  #ski #montagne #camera  #actualités #shorts,PT11S,fr,335907,4625,2026-01-14T14:10:00Z
