video_id,title,description,channel,published_at,duration,views,likes,comments,channel_id,category_id,language
s3hXTCYCsGk,"Une souris verte, chanson fran√ßaise pour b√©b√©s et enfants","üê≠La chanson une souris verte, un grand classique des comptines fran√ßaises . 

 Aujourd'hui, on revisite cette chanson avec une surprise... Notre petite souris verte adore la moto et le rock'n'roll !
Une chanson ludique et rythm√©e, con√ßue pour l'√©veil musical des b√©b√©s et le plaisir des plus grands pour faire le plein de bonne humeur √† la maternelle. On chante, on danse et on s'amuse ensemble. Ne manquez pas cette aventure rigolote musicale traditionnelle !

üéÅ CADEAU : Les paroles √† colorier. 
üëâ Cliquez, T√©l√©chargez, Enregistrez et Imprimez votre fiche:
https://drive.google.com/file/d/1jqIvuCO22awNkPyEdt74mT-gFFRos-HV/view?usp=sharing",nayakids musical,2026-01-20T12:21:20Z,PT16S,34,3,0,UCdudw5UxK3NbaGnQLwUIp4w,27,fr-FR
IqI0BrFPcsg,Gosses du swing #chansonfrancaise #swing #acoustique #animation #dessin #nouvellescene #popfr,,Bazar et B√©mols,2023-06-23T19:35:27Z,PT1M1S,149,12,1,UCU3b0M4Yva-xJan67UZR21g,10,fr
h_fWfzIvXmw,Le son complet dans la bio üëå#musicien #humour #chansonfrancaise #guitariste,,Tito Nabat,2025-10-08T14:26:29Z,PT16S,1550,12,0,UCdV4rjtemkVw_knX7vWNDIw,10,fr
8CLSXs8WQKQ,MA NOUVELLE MARQUE ERRON√â / BEHIND THE SCENE,"Plongez dans les coulisses du shooting photo de lancement ‚ú®
24h avec moi, entre pr√©paration, prises de vue et premiers visuels exclusifs.

J‚Äôesp√®re que √ßa vous plaira autant que j‚Äôai aim√© le cr√©er.

üì≤ Le site est en ligne : ERRONE.CO d√®s maintenant.
Allez d√©couvrir l‚Äôunivers üî•



ML PRODUCTION FRANCE - contact@mlproductionfrance.com
Tous droits r√©serv√©s 2025 ¬©


Merci √† vous tous ! 

N'oubliez de vous abonner pour d√©couvrir mes prochaines vid√©os :)",Thibault & Jessica,2025-06-02T16:06:52Z,PT14M45S,11393,607,40,UCXGzmENmT70KR28XvAs-nRQ,23,fr
Ek3O-24gEbA,#shorts #chansonfrancaise #cover #chanson,,AdriƒÅn Louis,2025-10-01T17:14:38Z,PT34S,1421,26,3,UC-Dw1TzWgHG8CAbC9B3oVLQ,22,fr
XUHEyffCJJs,Belle √©toile #chansonfrancaise #nouvellescene #acoustique #contrebasse #capvert #poesie,,Bazar et B√©mols,2023-12-31T12:44:34Z,PT26S,132,6,0,UCU3b0M4Yva-xJan67UZR21g,10,fr
RAyACoD0m1o,VOD Crime Scene Cleaner nouvelle MAJ (Let's play #1),"Viens regarder ma VOD suite √† la nouvelle mise √† jour du 27 octobre 2025 de Crime Scene Cleaner 
Ma chaine twitch :   / https://www.twitch.tv/malabop


‚úî N'oublie pas de t'abonner et de mettre la cloche pour √™tre mis au courant quand je publie une nouvelle vid√©o !

Mes r√©seaux : 
INSTAGRAM :   / https://www.instagram.com/malabop_/
DISCORD :   / https://discord.gg/Nm3TqzfU24
TIKTOK :   / https://www.tiktok.com/@malabop_",Malabop,2025-10-30T21:25:11Z,PT3H43M11S,20,2,0,UCd3_Aze4j0rDMCXAkn8IqkQ,20,fr
OarxQfK0LtQ,"""D√âBILOUS FAIT SON NUM√âRO"" par LE PIRE DE LA NOUVELLE SCENE FRANCAISE.","Voix envoutante, s√©duction indiscutable, charisme certain, notre ami D√©bilous se l√¢che et nous prouve que le charme humain existe toujours. Il y en a qui ont tout pour eux, d'autres c'est le contraire, la vie est mal faite..",Le Pire De La Nouvelle Sc√®ne Fran√ßaise ,2024-11-28T17:29:17Z,PT3M12S,29,0,0,UCLmkCpB47i24G-_E8ewKCyA,23,fr
-1EFgRUDmwc,[Easter Egg] NOUVELLE CUT SCENE D√âCOUVERTE + ANNONCES POUR LA CHAINE [RDR2],"Dans cette courte vid√©o je vous pr√©sente une nouvelle d√©couverte faite par un youtuber am√©ricain 
Une nouvelle cut scene qui propose une version alternative de ce que nous connaissions
Cette vid√©o a aussi pas mal d annonces en ce qui concerne le futur de la chaine

Chaine du Youtuber : https://www.youtube.com/user/shkcraft

Liens de Rozeline
https://twitter.com/roZA2uZ
https://www.youtube.com/channel/UCEyzqhQUT5L21IVaiciWISg

Liens de TGS 
https://twitter.com/TGSGAMINGSHOW
https://www.youtube.com/channel/UCsTopY7cR3UPiVvmpttfayg

Liens de Trippy Commentaries
https://twitter.com/TrippyComms
https://www.youtube.com/c/TrippyCommentaries


CODE CREATEUR EPIC : GIAMENI

                                                   ‚ñ¨‚ñ¨‚ñ¨‚ñ¨‚ñ¨‚ñ¨‚ñ¨‚ñ¨‚ñ¨‚ñ¨‚ñ¨‚ñ¨‚ñ¨‚ñ¨‚ñ¨‚ñ¨‚ñ¨‚ñ¨‚ñ¨‚ñ¨‚ñ¨‚ñ¨‚ñ¨‚ñ¨‚ñ¨‚ñ¨‚ñ¨‚ñ¨

Si vous voulez soutenir la chaine :  
‚ñ¨‚ñ¨‚ñ¨‚ñ¨‚ñ¨‚ñ¨‚ñ¨‚ñ¨‚ñ¨‚ñ¨‚ñ¨‚ñ¨‚ñ¨‚ñ¨‚ñ¨

https://paypal.me/Gi4meni
https://utip.io/giameni

                                                    ‚ñ¨‚ñ¨‚ñ¨‚ñ¨‚ñ¨‚ñ¨‚ñ¨‚ñ¨‚ñ¨‚ñ¨‚ñ¨‚ñ¨‚ñ¨‚ñ¨‚ñ¨‚ñ¨‚ñ¨‚ñ¨‚ñ¨‚ñ¨‚ñ¨‚ñ¨‚ñ¨‚ñ¨‚ñ¨‚ñ¨‚ñ¨‚ñ¨

*SERIE GTA ORIGINS * 
‚ñ¨‚ñ¨‚ñ¨‚ñ¨‚ñ¨‚ñ¨‚ñ¨‚ñ¨‚ñ¨

GTA 1 : https://www.youtube.com/watch?v=_nR4xzAQvvs&feature=youtu.be

                                                   ‚ñ¨‚ñ¨‚ñ¨‚ñ¨‚ñ¨‚ñ¨‚ñ¨‚ñ¨‚ñ¨

*VID√âOS ORIGINES DES MYST√àRES*
‚ñ¨‚ñ¨‚ñ¨‚ñ¨‚ñ¨‚ñ¨‚ñ¨‚ñ¨‚ñ¨‚ñ¨‚ñ¨‚ñ¨‚ñ¨‚ñ¨‚ñ¨

Les Tueurs en S√©rie : https://youtu.be/SpiUtEgU0rs 
Les Ovnis et Aliens (Partie 1) : https://youtu.be/AWP7Yn8imbQ
Les Ovnis et Aliens (Partie 2) : https://youtu.be/kltQ5AzRoSU 
Les Fantomes (Partie 1) : https://youtu.be/BDpZK88E_Cw 
Les Fantomes (Partie 2) : https://www.youtube.com/watch?v=o3wEAyylDzo
Les Fantomes (Partie 3) : https://www.youtube.com/watch?v=C-Hl3oWYVuA
Le Bigfoot : https://www.youtube.com/watch?v=olMoKE_wzhU
Les Monstres marins : https://www.youtube.com/watch?v=deqd5GBa44w

                                                ‚ñ¨‚ñ¨‚ñ¨‚ñ¨‚ñ¨‚ñ¨‚ñ¨‚ñ¨‚ñ¨


*LES PLAYLISTS* : 
‚ñ¨‚ñ¨‚ñ¨‚ñ¨‚ñ¨‚ñ¨‚ñ¨‚ñ¨
GTA Origins : https://www.youtube.com/watch?v=_nR4xzAQvvs&list=PLcaiL0Qs2XW6E5sq9duFP9xDPZYutTVcD
‚ñ¨‚ñ¨‚ñ¨‚ñ¨‚ñ¨‚ñ¨‚ñ¨
Les Origines Des Myst√®res : https://www.youtube.com/playlist?list=PLcaiL0Qs2XW6RCN3kKoNKhLyULKIiUbCC
‚ñ¨‚ñ¨‚ñ¨‚ñ¨‚ñ¨‚ñ¨‚ñ¨‚ñ¨‚ñ¨‚ñ¨‚ñ¨‚ñ¨
Myst√®re RDR2 : https://www.youtube.com/watch?v=IXneq4OA2uY&list=PLcaiL0Qs2XW5CRGkYfw2SnGURk2trYIc3&index=1
‚ñ¨‚ñ¨‚ñ¨‚ñ¨‚ñ¨‚ñ¨‚ñ¨
Myst√®re de GTA V : https://www.youtube.com/playlist?list=PLcaiL0Qs2XW6PrkmjxNbuq9JiDUcAp62c
‚ñ¨‚ñ¨‚ñ¨‚ñ¨‚ñ¨‚ñ¨‚ñ¨‚ñ¨
Easter Eggs : https://www.youtube.com/playlist?list=PLcaiL0Qs2XW4HlWvRcAqxCKRy9Mru_d5D
‚ñ¨‚ñ¨‚ñ¨‚ñ¨‚ñ¨‚ñ¨
Lives Let s Play RDR2 : https://www.youtube.com/watch?v=G5eAZnY-kN8&list=PLcaiL0Qs2XW7Huu7VJ5XNXcrfl-dblbj8
‚ñ¨‚ñ¨‚ñ¨‚ñ¨‚ñ¨‚ñ¨‚ñ¨‚ñ¨‚ñ¨‚ñ¨
Lives Myst√®res : https://www.youtube.com/watch?v=DYP91-sqW4k&list=PLcaiL0Qs2XW4DEq4cLHg6QIdj15m3uDU8
‚ñ¨‚ñ¨‚ñ¨‚ñ¨‚ñ¨‚ñ¨‚ñ¨
Resident Evil : https://www.youtube.com/watch?v=-TYzvbpRYG8&list=PLcaiL0Qs2XW5c4F-9C8DMbPOz5yvBnefn
‚ñ¨‚ñ¨‚ñ¨‚ñ¨‚ñ¨‚ñ¨
L Instant Retro Gaming : https://www.youtube.com/playlist?list=PLcaiL0Qs2XW6M471AQPHcAPdga3YQzNzX
‚ñ¨‚ñ¨‚ñ¨‚ñ¨‚ñ¨‚ñ¨‚ñ¨‚ñ¨‚ñ¨‚ñ¨‚ñ¨


                                       ‚ñ¨‚ñ¨‚ñ¨‚ñ¨‚ñ¨‚ñ¨‚ñ¨ üåé R√©seaux Sociaux üåé ‚ñ¨‚ñ¨‚ñ¨‚ñ¨‚ñ¨‚ñ¨‚ñ¨

Twitch : https://www.twitch.tv/giamenitv

Twitter : https://twitter.com/GiameniGaming

Discord : https://discord.gg/3uJsg8c

Facebook : https://www.facebook.com/GiameniYT/

Insta : https://www.instagram.com/giamenii/

Social Club : https://fr.socialclub.rockstargames.com/member/giameniyt

Crew GTA V Online (PC) : https://fr.socialclub.rockstargames.com/crew/the_new_wave_yt


#Giameni#RDR2#Secret",Giameni,2020-10-14T08:30:00Z,PT5M44S,1258,91,42,UCgAaoI2bSTivMgnx99h53cg,20,fr
QlH_xFuR47E,LA SCENE DES BAINS - Extrait de la nouvelle VF de Digimon Adventure,"Pour d√©couvrir tous les √©pisodes de notre nouvelle adaptation fran√ßaise, rendez-vous sur notre site :
https://digiadventure-fandub.fr

Dans cet extrait de l'√©pisode 8, les enfants et leurs Digimons pensent √™tre en s√©curit√©, et se reposent dans une grande demeure. Restauration, d√©tente dans les bains... N'est-ce pas trop beau pour √™tre vrai ?

Pour nous suivre sur Twitch :
http://twitch.tv/digiadventurefandub

Plus d‚Äôinfos sur notre site ou notre page Facebook :
https://digiadventure-fandub.fr
https://www.facebook.com/DigiAFP

#DigimonAdventure #Fandub #DAFP",Digimon Adventure Fandub Project,2023-02-02T15:30:06Z,PT2M4S,2418,20,2,UCaAjADR5I7bLhAI8tMKwPTQ,1,fr
EQgva86TEj8,Cendres sur le c≈ìur ‚Äì Chanson fran√ßaise m√©lancolique | Amour bris√© & souvenirs,"Cendres sur le c≈ìur est une chanson fran√ßaise profonde et m√©lancolique qui raconte l‚Äôhistoire d‚Äôun amour consum√© par le temps, les silences et les regrets.
Quand les promesses deviennent des cendres et que le c≈ìur porte encore la chaleur du pass√©, il ne reste que les souvenirs‚Ä¶ et la douleur douce-am√®re de ce qui aurait pu √™tre.

Port√©e par une ambiance intime, des paroles poignantes et une m√©lodie charg√©e d‚Äô√©motion, cette chanson s‚Äôadresse √† celles et ceux qui ont aim√©, perdu, et appris √† vivre avec les traces laiss√©es par l‚Äôamour.

Fermez les yeux, laissez la musique vous traverser‚Ä¶
Parce que m√™me r√©duits en cendres, certains sentiments continuent de br√ªler au fond du c≈ìur. ‚ù§Ô∏è‚Äçüî•

üëâ N‚Äôoubliez pas de liker, commenter et vous abonner pour plus de chansons fran√ßaises √©motionnelles.",S√©r√©nit√©Sons,2026-01-22T09:55:48Z,PT2M44S,173,3,0,UCiB_5kY6DRx7PG-3kLfk7pg,24,fr
PJwSKC8lyS4,Scene vacance nouvelle,In√©dit pour vacance nouvelle,ElogeRecord JoDePlainp,2011-10-09T17:23:12Z,PT5M10S,497,6,0,UCkRHZov6l-8kqavRresRgmQ,10,fr
MPpHn1yZZXU,On oublie nos villages‚Ä¶ Extrait #shorts  #france  #chansonfrancaise,"Les villages qu‚Äôon oublie, chanson fran√ßaise, France rurale, patrimoine, souvenirs.
üéß Version compl√®te : https://youtu.be/PFYf1ZHISbE",Concept-IA,2026-01-16T10:43:18Z,PT53S,8202,411,25,UCKTUHpheoySLll3sFYof5gQ,10,fr
7M3w8ZYIpCQ,Nouvelle scene Dr. Seuss' the Lorax (Version Fran√ßaise) -- 'Ted Shows Audrey the Truffula Seed',"Vanaf 18 juli in alle zalen // En salles le 18 juillet 2012

In deze hartverwarmende familiefilm van de makers van Despicable Me en Hop zien we hoe een twaalfjarige jongen, Ted, een zoektocht begint naar datgene waarmee hij het hart van zijn droomlief, Audrey, zal kunnen stelen... een boom! Om dit te vinden gaat hij op ontdekkingstocht en ontmoet The Lorax, een chagrijnig maar charmant figuur die zijn wereld probeert te beschermen.

//

LORAX, le long-m√©trage en images de synth√®se 3D, est une adaptation de la l√©gende classique du Dr. Seuss sur une cr√©ature de la for√™t "" qui partage son tenace pouvoir d'espoir."" 1- Dont l'espoir le nourrit d'une force tenace qu'il aime √† partager. 2- Qui partage la force durable qu'est l'espoir 3- Qui partage sa force puis√©e dans son √©ternel espoir. L'aventure d'animation suit le voyage d'un gar√ßon qui est √† la recherche de la seule chose qui lui permettra de gagner l'affection de la fille de ses r√™ves. Pour se faire, il doit d√©couvrir l'histoire de LORAX, la cr√©ature grincheuse mais n√©anmoins charmante, qui se bat pour prot√©ger son monde. Danny DeVito pr√™tera ses talents vocaux √† l'ic√¥ne et personnage principal, Lorax, tandis qu'Ed Helms pr√™tera sa voix √† l'√©nigmatique Once-ler. D'autres superstars mondiales pr√™teront √©galement leurs voix, Zac Efron sera Ted, le jeune gar√ßon id√©aliste qui est √† la recherche de Lorax, Taylor Swift sera Audrey, la fille dont r√™ve Ted. Rob Riggle jouera le roi de la finance O'Hare, et la ch√®re Betty White incarnera la sage Grammy Norma.",Universal Pictures BE,2012-06-19T15:16:45Z,PT1M6S,24182,37,0,UCo25ERvyG7KsZozpvVFgXcg,1,en
xLgdWGkZr4U,Dalida - Mourir sur sc√®ne (Clip Officiel - Nouvelle Version 2022),,Todomache 29 runner,2023-01-15T09:44:05Z,PT26S,31445,1291,23,UCCeIKOPMExaSTW3YtgNDr_g,22,fr
8NcIAIjwR6c,Cambriolage  #chansonfrancaise #chanson #musique,"Chanson fran√ßaise √† texte sur les violences sexuelles, un geste de trop... 

#chansonfrancaise #chansonspourtout #violencesfaitesauxfemmes #briserlesilence #sensibilisation #empathie  #t√©moignagedevie #stopviolence #stopviolenceagainstwomen #protection #proteger #femmes #sensibiliser #prevention #f√©minisme 

@Enomis_0fficiel 
Paroles : Ga√´lle HALNA DUBOURG",Enomis,2026-01-19T13:43:01Z,PT1M8S,277,3,0,UCwLRBOlAKCk3g5-VGahQEVw,10,fr
SomwUq3iXvw,ENREGISTREMENT d'une NOUVELLE CHANSON üòç,,massilya & papa,2022-03-09T16:00:17Z,PT13S,2324028,45959,0,UCbNUTTsyVmNtB91H0JP8xvQ,24,fr
zlzXmivScnI,Audrey et le 100eme groupe invite de la Nouvelle Scene France Bleu Poitou,,france bleu,2020-11-06T09:31:21Z,PT29S,6,0,0,UCUxWP87OMyExofw6Z8ubhPw,22,fr
e96kqKfa_JY,"Glenn Nuotio  Ottawa  Juno Pianos March 27, 2012 La Nouvelle Scene Juno Awards","The JUNO Awards week in Ottawa, Ontario 2012 Glenn Nuotio at La Nouvelle Sc√®ne (Ottawa) hanging out with one of the JUNO Pianos thoughout Ottawa . Created by Ben Welland of ""byfield~pitman photography"" go to Glenn Nuotio music or to help Glenn Nuotio's IndieGoGo album funding campaign go to http://www.indiegogo.com/glennis40 http://www.facebook.com/NuotioMusic",GN,2012-03-30T21:39:36Z,PT1M32S,191,2,0,UC22G5B372CLpLq1ijX9Ig1Q,10,en
ev4zaznDLWQ,IL MONTE SUR SCENE AVEC UNE PELUCHE ?! R√©act Nouvelle √âcole S4 EP1,"Aujourd'hui on r√©act √† Nouvelle √âcole saison 4 en live sur Twitch !
On fait la suite Samedi 08/11 vers 22h30 si jamais tu veux passer faire un coucou...
------------------\\//----------------
üòÑ Mes r√©seaux sociaux ! 
‚¨áÔ∏è‚¨áÔ∏è‚¨áÔ∏è‚¨áÔ∏è‚¨áÔ∏è‚¨áÔ∏è‚¨áÔ∏è‚¨áÔ∏è
Twitch : https://www.twitch.tv/xvi_minato
Chaine (VOD) : https://www.youtube.com/@XVI_Minato2.0
Instagram : https://www.instagram.com/xvi_minato
Tiktok : https://www.tiktok.com/@xvi_minato
Discord : https://discord.gg/VWFYzqVX
------------------\\//----------------
üí∏ Si tu veux me faire un don : https://streamlabs.com/xvi_minato
(Tu serais le GOAT de cette g√©n√©ration)
------------------\\//----------------
üî¥ Si ma cha√Æne te plait ! H√©site pas √† :
‚¨áÔ∏è‚¨áÔ∏è‚¨áÔ∏è‚¨áÔ∏è‚¨áÔ∏è‚¨áÔ∏è‚¨áÔ∏è‚¨áÔ∏è
üëç Mettre des likes sur les vid√©os 
üí¨ Commentez les vid√©os
üîó Partagez la cha√Æne et les vid√©os
üíö T'abonner
üîî Activez la cloche
‚úÖ Pour √™tre au courant de mes prochains Lives, Shorts ou Vid√©os ! 
------------------\\//----------------
Si tu a lu jusqu'ici tu est bizarre, mais je t'aime bien donc abonne toi‚ù§Ô∏è",XVI_MinaTo,2025-11-06T16:00:06Z,PT11M13S,201,2,1,UCRGkc571BEpt5buoFSBkG_g,24,fr
0Jki422VhA8,"üé§üéß Chanson Fran√ßaise: Jacques Brel & Marcel Azzola  ""Vesoul""","L'interpr√©tation de Jacques Brel  qu'en penses tu ? 
üé§üéß Chanson Fran√ßaise: Jacques Brel & Marcel Azzola  ""Vesoul""
#musique #chansonfrancaise #chansonfran√ßaise #chanson #brel",vagueintense,2026-01-22T10:45:02Z,PT29S,74,3,0,UCuS-dmv4TMm7HNeD5B6o5Pw,22,fr
TKauxTHqIi8,Un jour de pluie au Quartier Latin | Chanson fran√ßaise romantique ‚Äì AI French Love Song in Paris,"¬´ Un jour de pluie au Quartier Latin ¬ª est une chanson po√©tique et romantique qui capture l‚Äô√¢me de Paris sous la pluie.
Entre les pav√©s luisants, les caf√©s anciens et les regards qui se croisent, cette chanson nous emporte au c≈ìur du Quartier Latin, l√† o√π le temps s‚Äôarr√™te et o√π l‚Äôamour na√Æt simplement.
Une valse douce, empreinte de nostalgie et de lumi√®re, pour tous ceux qui aiment la chanson fran√ßaise, Paris, et les histoires d‚Äôamour sous la pluie.

‚ÄúA Rainy Day in the Latin Quarter‚Äù is a poetic and romantic French song that captures the soul of Paris in the rain.
Among shining cobblestones, old caf√©s, and fleeting glances, it transports you to the heart of the Latin Quarter, where time stands still and love quietly begins.
A gentle waltz filled with nostalgia and warmth ‚Äî perfect for lovers of French music, Parisian romance, and rainy-day poetry.

@AIFrenchRelaxingMusic",Paris Calm Studio ‚Äì AI French Relaxing Music,2025-11-09T09:15:02Z,PT3M29S,132628,2145,109,UCqEik_mBS9q6t6U0b4ZG0WQ,10,fr
0Bqow9YkOFI,Changer ton Monde (extrait) #chanson #terra #chansonfrancaise #spiritualit√©,"Cr√©ation chanson fran√ßaise, ""changer ton Monde"" par Loumis pour terrestellaire.org


#chanson #musique #spiritualit√© #terra #chansonfrancaise",Terre Stellaire,2025-10-05T11:00:23Z,PT33S,139,0,0,UC8WiJTL0Ua-XsdlinvGTu4g,29,fr
bi-ZoohmGC0,Comme un vieil alcool‚Ä¶ #chansonfrancaise #frenchsong #chansontriste,"Extrait du concert du 20 octobre 2025 √† la P√©niche Antipode √† Paris
DES VINYLES POUR NO√ãL : https://www.paniermusique.fr/chanson/8642-le-syndrome-de-peter-pan-aurelie-hartmann-3666946020624.html",Aur√©lie Hartmann | Music & Performance,2025-12-08T20:28:08Z,PT25S,1551,4,2,UCwbr6nLUS_t87oJnFsYsCEA,10,fr
jTk1sSen4yc,Etat de droit mon oeil !  #musique  #chansonfran√ßaise #chanson,"Extrait d'une chanson engag√©e sur l'affaiblissement de l'Etat et la non maitrise de notre destin, sous couvert ""d'Etat de droit"", formulation positive bien commode...
Chanson compl√®te disponible sur la cha√Æne.
Bonne √©coute !",Mots et patrie (Giordano Eturo),2026-01-17T09:18:02Z,PT29S,1461,21,4,UCbHNuF0rouY0kxAbh8Cf_5w,22,fr-FR
QJ7LiTL_KXw,"ÿ™ÿ±ŸÇÿ®Ÿàÿß ÿßÿ∫ŸÜŸäÿ™Ÿä ÿßŸÑÿ¨ÿØŸäÿØÿ© ÿ®ÿπŸÜŸàÿßŸÜ ÿ¥ŸàŸÅŸà Restez √† l'√©coute pour ma nouvelle chanson, ""choufo""",,Rachid Ounry,2026-01-20T15:45:10Z,PT21S,22,3,2,UCaEjD5vjf1C0aEaiUyEHONA,19,fr
38QGn1KQXGM,Michel Delpech ‚Äì Quand j‚Äô√©tais chanteur (reprise courte),"Reprise de Quand j‚Äô√©tais chanteur de Michel Delpech en format Short. Une version courte et nostalgique de ce classique de la chanson fran√ßaise, id√©ale pour les amateurs de reprises, de covers live et de moments musicaux en format court.
üéôÔ∏è Quand j‚Äô√©tais chanteur ‚Äì Michel Delpech ‚Äì reprise ‚Äì cover ‚Äì chanson fran√ßaise ‚Äì short musical.
Pour d√©couvrir d‚Äôautres reprises de chansons fran√ßaises en Short, pensez √† vous abonner.",Sing & Swing - By Patrick,2026-01-20T16:21:39Z,PT13S,1632,5,0,UCmEtVrHjE-94MtW6Zg6NcrA,10,fr
XLTNQcUg2Ys,Army Occi devient Armand.#chanteur #chanteurfran√ßais #chansonfrancaise  #music #chanson #musique,,Armand,2025-10-19T08:57:40Z,PT40S,361,0,0,UCnTJxUXnqG5CSV5CDIVeGrQ,22,fr
vbbhNabtf64,crime sc√®ne cleaner (version beta) -  deux nouvelle carte a d√©couvrir,"Une fois m√™l√© √† la mafia, vous en ferez toujours partie. Au moins, √ßa paye bien et tout ce que vous avez √† faire, c'est de nettoyer leurs sales coups, mais vous savez ce que vous faites. Nettoyez les sc√®nes de crime, soyez plus malin que la police et pr√©parez-vous pour la prochaine mission

Lien du jeu : https://store.steampowered.com/app/1040200/Crime_Scene_Cleaner/?l=french",LAE & LDJ,2025-10-02T22:01:16Z,PT37M42S,182,4,0,UC063SZylbkWLL8zVN37XGaw,20,fr
AplMJxwZDBo,LA NOUVELLE SCENE MUSICALE DU CONGO: SAM SAMOURA√è UNE GENERATION MONTANTE D'ARTISTES,"La sc√®ne musicale du Congo Brazzaville conna√Æt une v√©ritable renaissance port√©e par une jeunesse talentueuse, connect√©e et ambitieuse. En alliant respect de l‚Äôh√©ritage musical et innovation, ces artistes sont les fers de lance d‚Äôun nouveau chapitre de l‚Äôhistoire musicale africaine. L'artiste Congolais SAM SAMOURA√è en fait parti.

                                                                                                                           Bon visionnage.


https://www.youtube.com/channel/UCkY7n-oTj4ARfJf_2pz70nQ?sub_confirmation=1 j",ROYALE7 TV,2025-07-11T23:28:56Z,PT54M59S,429,26,5,UCkY7n-oTj4ARfJf_2pz70nQ,10,fr
0ELmyIsct4s,THE MANHATTAN DARKROOM - LA NOUVELLE SCENE NEW-YORKAISE,"L'histoire d'Henri Dauman, photojournaliste de Life Magazine.
Episode 5 - La Nouvelle Sc√®ne New Yorkaise
Le bouleversement est aussi artistique.
Le pop Art, le Minimal Art, Philippe Glass, le film Easy Ride, Hair chamboulent l‚ÄôAm√©rique.
Henri Dauman saisi les figures cr√©atives d'un art en train de se faire.",The Manhattan Darkroom Photographies,2020-01-30T13:33:23Z,PT1M48S,13,0,0,UCLp4xPhDNlfJr9lFsZbg6xw,24,fr
VOUriimb1yM,"""NOTRE MUSIQUE PR√âF√âR√âE"" PAR LE PIRE DE LA NOUVELLE SCENE FRANCAISE","Autre num√©ro de la superbe s√©rie ""Confidences"" avec cette fois ci le t√©moignage de nos trois s√©ducteurs devant l'√©ternel concernant leurs go√ªts musicaux, j'ai nomm√© D√©bilous, le g√©nie, Jos√© ""The voice"" and LSD (L'homme sans dents), tous trois membres historiques de la team L.P.D.L.N.S.F, excusez du peu....",Le Pire De La Nouvelle Sc√®ne Fran√ßaise ,2024-12-31T03:08:31Z,PT10M41S,16,0,0,UCLmkCpB47i24G-_E8ewKCyA,23,fr
hlf8UYuncJs,Les Hirondelles #chansonfrancaise #popmusic #nouvellescene #summerfest,,Fabien Strauss,2024-08-16T22:10:20Z,PT16S,36,0,0,UCTKc_EC9UlYIRDc1utpuXNQ,10,en
adOmJWyRkPk,BIEN LE BONJOUR PARTIE 2 üíÖ#chanson #chansonfran√ßaise #humour #single #artisteindependante,,Nina L√©ane,2025-11-14T12:01:56Z,PT57S,1086,9,0,UClJ6zksFLRlMgacXP56ojWw,10,fr
cGT7lawKD6g,Qui se souvient de Karim kacel ? #algerie #france #chansonfrancaise #chanson #karimkacel #info,,LeDZdu06,2026-01-09T15:12:49Z,PT1M35S,44494,1322,130,UCy7vpJRTw6nLvYINXgsRXiA,22,fr
xljGgcfepiE,Table Ronde #4 Forum de la Mode - La Nouvelle Scene Creative,"#4 La nouvelle sc√®ne cr√©ative
Bastien Daguzan, Directeur g√©n√©ral - Lemaire.
J√©r√©mie Egry, Directeur cr√©atif et co-Fondateur - Etudes.
Simon Porte Jacquemus, Fondateur et Styliste - Jacquemus.
Johanna Senyk, Fondatrice et Directrice cr√©ative - Wanda Nylon.",F√©d√©ration du PAP F√©minin,2018-06-14T10:12:06Z,PT44M36S,5573,70,0,UCzVIRw2oweYLvHi9daN7hqA,26,fr
PVhhI7dNBTQ,T‚Äôes pas si fort  #chansonfrancaise #musique #music #chanson #song,"@Enomis_0fficiel 

Paroles : Ga√´lle HALNA DUBOURG

#depression #deprime #burnout #motivation #motivational #cover #lyrics #motivationalvideo",Enomis,2026-01-12T15:16:37Z,PT53S,529,13,0,UCwLRBOlAKCk3g5-VGahQEVw,10,fr
I-EWHRhvXzA,nouvelle chanson samir sadaoui,,SAMIR SADAOUI OFFICIEL,2022-11-21T17:19:45Z,PT16S,134442,3603,31,UCNvcsI48k99-8oVCy9xLYgg,10,ar
H9mq870IIKY,Maria mad - Celui que j'esp√®rais üíî #amour #deception #chansonfrancaise #coeurbris√©,"Cette chanson parle des attentes et des illusions.

Elle raconte la d√©ception quand la personne qu‚Äôon id√©aliser n‚Äôest pas celle qu‚Äôon croyait.

üé∂ Maria Mad
üéß Chanson interpr√©t√©e par Maria Mad
‚úçÔ∏è Texte inspir√© par l‚Äôespoir et la d√©sillusion

üíú Abonne-toi pour d√©couvrir la suite.",üíú MARIA MAD OFFICIEL üíú,2026-01-21T19:55:10Z,PT32S,6,1,0,UCoTPjVPDY5Q1m6apIQZM78g,22,fr
MwPUJuI3RBU,#chansonfrancaise #chanson #musiquefrancaise #queermusic #artiste #artisteindependant,,MANTEZ,2025-09-20T19:21:04Z,PT23S,897,3,0,UCYXwrHOnhUXOyY6kRSwluPw,22,fr
PjXYztri_V0,[LIVE DU 01/05/22] REVEAL NOUVELLE SCENE ! + GTA RP JUSTE APRES PARTI 1/4,"‚ñº‚ïê‚ïê‚ïê‚ïê‚ïê‚ïê‚ïê‚ïê‚ïê‚ïê DESCRIPTION ‚ïê‚ïê‚ïê‚ïê‚ïê‚ïê‚ïê‚ïê‚ïê‚ïê‚ïê‚ñº


Mon Youtube Principal :
https://www.youtube.com/c/MissFlamme

Mon Twitch :
https://www.twitch.tv/missflamme‚Äã‚Äã‚Äã

Discord : 
https://discord.gg/yWDxxq9‚Äã‚Äã‚Äã‚Äã‚Äã‚Äã‚Äã‚Äã‚Äã‚Äã‚Äã

Mon Twitter : 
https://twitter.com/MissFlamme11‚Äã‚Äã‚Äã

Mon Instagram : 
https://www.instagram.com/missflamme1
---------------------------------------------------------------------------------------------------------------------------
#GTA
#VOD
#RP",Miss Flamme - VOD Twitch,2022-05-02T22:36:32Z,PT22M42S,2,0,0,UCd2n2wVj_z5z5xFpgpkP2mw,20,fr
m0Xk3HdR9SA,Top 5 Michel Sardou #michelsardou #top5 #80smusic #chanson #chansonfran√ßaise #chanteur #shorts,,ALOUKTV,2025-12-01T08:40:22Z,PT16S,12144,215,2,UC51rhQf5k3VbqTJzwvy-9Gw,22,fr
RQBl-NfqIGU,Unboxing Nouvelle Maquette Scene de Noel bois Nativit√© Produit Action Decotime,"Unboxing Nouvelle Maquette Scene de Noel bois Nativity Produit Action Decotime
projet live
prix 5.95‚Ç¨
produit de chez action pendant la periode de Noel
petit prix
TEST COMPLET prochainement en live sur la chaine 
DIS MOI TU EN PENSES QUOI
#ACTION #PUZZLE #BOIS #DIY",Kaz'Art,2025-09-22T13:37:29Z,PT7M53S,940,25,12,UC1LMYRPWlnyAkPIw3cQRnmQ,24,fr-FR
Bo0NACY_p_U,ZUDOMON ENTRE EN SCENE - Extrait de la nouvelle VF de Digimon Adventure,"Pour d√©couvrir tous les √©pisodes de notre nouvelle adaptation fran√ßaise, rendez-vous sur notre site :
https://digiadventure-fandub.fr

Dans cet extrait de l'√©pisode 36, Ikkakumon √©volue en Zudomon lorsque Joe se met en danger pour sauver Takeru...

Pour nous suivre sur Twitch :
http://twitch.tv/digiadventurefandub

Plus d‚Äôinfos sur notre site ou notre page Facebook :
https://digiadventure-fandub.fr
https://www.facebook.com/DigiAFP

#DigimonAdventure #Fandub #DAFP",Digimon Adventure Fandub Project,2023-04-16T08:00:04Z,PT2M20S,804,9,1,UCaAjADR5I7bLhAI8tMKwPTQ,1,fr
pfz9_4W4gbw,"Paris Paradis, le meilleur de la nouvelle scene humour au festival du Parisien","Roman Frayssinet, Verino, Marina Rollman, Maxime Gasteuil, Tom Villa... seront programm√©s au 2e festival du Parisien, du 27 au 29 septembre √† l‚Äôhippodrome d‚ÄôAuteuil. Les r√©servations sont ouvertes. Programmation et inscription : www.leparisien.fr/parisparadis",Le Parisien,2019-07-22T10:28:43Z,PT32S,4832,65,0,UCfHn_8-ehdem86fEvlFg-Gw,25,fr
0bcOnsYZjAg,#dalida #chansonfrancaise #music #meilleureschansons #song #nostalgia #musique,,Lili N,2025-09-26T08:01:21Z,PT58S,4713,158,7,UCu1xNeq9IZmRyThMjt8SE_g,22,fr
j2rxpWr8XCs,"""MADAME LA PUB"" - LE PIRE DE LA NOUVELLE SCENE FRANCAISE","Elle te dit quoi penser, quoi manger, quoi acheter, comment te comporter, quelle voiture avoir, avec qui se marier, elle te prend pour un gamin qui a besoin d'√™tre √©duqu√©. Certains la trouvent dr√¥le et divertissante, d'autres abrutissante, sournoise et cynique, d'autres encore vicelarde, d√©magogue et opportuniste, intrusive et envahissante. Elle est pour certains tout simplement une pollution sonore, visuelle et psychologique, une plaie. Tu l'as devin√©, il s'agit de la publicit√©. Nous prend t-elle pour des jambons?",Le Pire De La Nouvelle Sc√®ne Fran√ßaise ,2024-11-08T18:47:46Z,PT3M11S,30,0,0,UCLmkCpB47i24G-_E8ewKCyA,23,fr
oFGMNzkx5gc,"Behind the scene : ‚ÄúDoweshow‚Äù, la nouvelle collection automne-hiver 21/22 de Roger Vivier","Invitation au r√™ve sur fond de glamour mystifi√©, la pr√©sentation de la nouvelle collection Roger Vivier c√©l√®bre artistes et professionnels du spectacle √† travers un show digital sublimement incarn√©. Ou quand le r√™ve se fait r√©alit√©.

R√©alisation : Laurie Planes
Production : Lucia Lagarrigue-Aumonier
Interview : Sasha Rossignol
Article : Alexandra Pizzuto
Musique : Dj Quads ‚Äì Fun time


Pour retrouver toujours plus de contenus originaux, rendez-vous sur notre page Instagram : https://www.instagram.com/ellefr/ 


Abonnez-vous √† la cha√Æne ELLE : http://bit.ly/YouTubeELLE

Retrouvez ELLE, le magazine f√©minin de la mode, de la beaut√© et de toute l'actualit√© des femmes sur : 

Elle.fr : https://www.elle.fr
Elle Vid√©o : https://videos.elle.fr
Facebook : https://www.facebook.com/elle
Twitter : https://twitter.com/ELLEfrance
Pinterest : http://www.pinterest.com/magazineellefr/",ELLE,2021-03-24T16:36:35Z,PT4M17S,327,7,0,UC3VHLsAbsU4XAZ4B0PX9v3Q,26,fr
Ona_-Ie97u0,@mikeronde01  #pierreperret  #chansonfrancaise,,johnny and Co pour toujours,2026-01-05T16:03:42Z,PT56S,3739,127,2,UCOa7xzUxmc21cY5GYcCkkyg,10,fr
jm_hZ-TzTBw,J‚Äôai choisi de rester dispo vendredi 19h #chansonfran√ßaise #emotional #musique #trending,"D√©couvrez ma nouvelle chanson fran√ßaise intitul√©e ""J‚Äôai choisi de rester dispo vendredi 19h"", une ≈ìuvre musicale √©mouvante qui explore les th√®mes de l'amour, de la solitude et de la disponibilit√©. Cette chanson est parfaite pour ceux qui aiment la musique fran√ßaise √©mouvante et les paroles qui touchent le c≈ìur. Avec une m√©lodie accrocheuse et des paroles sinc√®res, cette chanson est s√ªre de devenir un hit du moment. √âcoutez-la maintenant et laissez-vous emporter par les √©motions !",St√©phan.B Cr√©ation,2026-01-12T06:00:47Z,PT51S,223,6,0,UC_BrroPzqvzDGDKVBzPgb8Q,10,fr
I7M-ADXF3wM,La dame en noir #chansonfrancaise #musique #chanson #song #music #cover #meilleureschansons,"@Enomis_0fficiel 

Paroles : Ga√´lle HALNA DUBOURG

Des regards au d√©tour des rues et les confidences jusqu'aux oreilles se transforment en chansons .... de la vie !
Bonne √©coute",Enomis,2026-01-07T11:03:16Z,PT59S,608,21,0,UCwLRBOlAKCk3g5-VGahQEVw,10,fr
mwY27yBkyws,Disney Dream Nouvelle sc√®ne extraite du film d'animation Rebelle / New scene from Brave,,Ornelaa,2013-03-23T09:04:06Z,PT1M48S,5067,28,4,UC87tGNtqa1BDygE_ecoWpYw,23,fr
g2orUxU2WyY,FESTIVAL NOUVELLE(S) SCENE(S) PARTY REMISE 2021,"Report de notre PARTY REMISE 2021 
Merci √† tous les artistes pour participation
Merci aux b√©n√©voles et aux techniciens.
Musique : Macadam Crocodile ""Back in the Ring""
Avec : RONE / ARANDEL INBACH LIVE / MELAINE DALIBERT / VICTOR SOLF (DUO) / SILLY BOY BLUE / BONNIE BANANE / SABRINA BELLAOUEL / FRANKY GOGO / KO SHIN MOON / KIM GIANI / NOVEMBER ULTRA / GEORGE KA / FANT√îMES / DON TURI / NIKOLA / JU & JOHN / TROPICAL HORSES / BLUMI / UZI FREYJA / SINCE CHARLES",Festival Nouvelles Scenes,2022-02-16T16:50:48Z,PT3M53S,54,1,0,UCtv1zHdaarDN0jX3ZeAsbfw,10,fr
l1Ir55KXqHo,retour vers 1885 petite scene ( attention spauler) ( nouvelle serie),,LEOFEAT 2.0 ,2023-03-25T14:11:30Z,PT46S,22,0,0,UCG_bTJuYMP3gZIkAepczd1w,24,fr
CpcYl_qzSx4,Allan Vermeer - La Madrague #brigittebardot #reprise #chansonfrancaise,"üêö Et c‚Äôest triste quand on pense √† la saison du soleil et des chansons... ‚Üì

Retrouvez-moi sur facebook.com/allanvermeer
üîî Abonnez-vous =  @AllanvermeerFr 
Site officiel : allanvermeer.com
Instagram : instagram.com/allanvermeer
TikTok : tiktok.com/allanvermeer",Allan Vermeer,2025-12-28T18:48:59Z,PT1M,1394,37,2,UCWJAFzCrMQjSt1EJQHZ6JYw,10,fr
WRX_Zzx9t3w,üî¥ Nouvelle scene drapeaux alg√©rien dan tout l'algerie (en cours de d√©veloppement par Abdkarim-dz),"Lien de t√©lechargement de tous mes cr√©ation scene pour mfs2020: 
https://sites.google.com/view/voiyage-virtuel-et-loisirs/accueil",Voyage Virtuel et Loisirs ,2023-03-19T00:12:40Z,PT40M38S,62,4,0,UCBkQS2oPZ9l-ecLySWKf9cQ,2,en-US
rRqW5kb7alQ,"""Eldorado"" pour  LA NOUVELLE SCENE sur France Bleu Poitou anim√© par Florian Lev√™que","@pascalrod 

L'album ""ELDORADO"" sur https://bfan.link/eldorado-4
EP ""Je te laisse la laisse"" en CD sur https://bfan.link/je-te-laisse-la-laisse

Elle s‚Äôappelle M√©diterran√©e
Sa peau est bleue et sal√©e
On aime s‚Äôy baigner en √©t√©
Mais tout le monde ne sait pas nager‚Ä¶

Ses reflets brillent comme l‚Äôor
Elle te fait miroiter
Un monde o√π c‚Äôest toujours encore
Un eldorado un peu fatigu√©‚Ä¶

Un peu fatigu√©

Et sur ses plages tu viens t‚Äô√©chouer
Comme une baleine √©gar√©e
Et tu cours droit devant
M√©fie toi plus loin le sable est mouvant‚Ä¶

Ici il y a des poches trop pleines
Mais aussi des usines qui se ferment
Alors on fabrique de la haine
On sait caresser l‚Äô√©piderme

L‚Äô√©piderme

Si je devenais l‚Äôimmigr√©
Chass√© par un air trop charg√©
Un soleil qui n‚Äôest plus mon alli√©
Un pr√©sident moins √©pris de libert√©‚Ä¶

Traverserais je la mer
Sur une coquille de noix
Avec mes pauvres cong√©n√®res
Pour un eldorado de cin√©ma

De cin√©ma

Eldorado
Eldorado

Je n‚Äôfais plus la une des JT
Sauf quand sur la mer, je flotte
Je n‚Äôai bien jamais su nager
Aux mieux je m‚Äô√©choue, je grelotte

Sur un dr√¥le de r√©cif
Ici les gens l‚Äôappelle p√©riph‚Äô
C‚Äôest une mer de voitures
Mais je n‚Äôai plus de voilures

Non, je n‚Äôai plus de voilures
Un eldorado, un mur

Non, je n‚Äôai plus de voilures

Je n‚Äôai bien jamais su nager
Aux mieux je m‚Äô√©choue, je grelotte

Un eldorado, un mur

Et tu cours droit devant
M√©fie toi plus loin le sable est mouvant‚Ä¶

https://youtu.be/rRqW5kb7alQ",Pascal ROD,2023-04-04T10:09:23Z,PT3M41S,126,6,0,UCBhalrnadjKJp2AdURqdAHQ,10,fr
ujv9J1fTv2k,Est ce que tu penses √† moi ? ‚ù£Ô∏èüò≠üíîüíû #chansonfrancaise #triste #chansontriste,,üé∂üíñPure Love Tempo,2026-01-08T13:16:44Z,PT30S,1529,46,6,UCWKOpzOAOcXrvIwcY5MrMGQ,10,fr
7GofzfQiSeE,"""TES LOISIRS PR√âF√âR√âS"" par LE PIRE DE LA NOUVELLE SCENE FRANCAISE","Quatre t√©moignages √©mouvants et vibrants de la part de membres √©minents de la team L.P.D.L.N.S.F, des confidences pleines de fraicheur et de sinc√©rit√© port√©es par D√©bilous (himself, excusez du peu), Jos√© (The voice) LSD (L'homme sans dents) et Virgile le dingue de hamburgers. L.P.DL.N.S.F nous g√¢te encore une fois.",Le Pire De La Nouvelle Sc√®ne Fran√ßaise ,2025-04-20T20:04:22Z,PT14M51S,9,0,0,UCLmkCpB47i24G-_E8ewKCyA,23,fr
Y2gseDJfvK4,Hit Du Moment 2026 ‚òÄÔ∏èChanson Nouveaut√© 2026 Musique - Mix Chanson Francaise 2026,"Hit Du Moment 2026 ‚òÄÔ∏èChanson Nouveaut√© 2026 Musique - Mix Chanson Francaise 2026

---------------------------------------------------------------------------------------------------------------------------------------------------------------

üìå Abonnez-vous pour m'aider √† atteindre 1000 abonn√©s¬†!
üëç Si vous aimez, n'h√©sitez pas √† liker pour me soutenir dans mes prochaines playlists¬†!
üí¨ Laissez un commentaire pour partager vos impressions ou sugg√©rer des morceaux.
üîî Abonnez-vous √† la cha√Æne pour recevoir chaque semaine de la nouvelle musique entra√Ænante¬†!",Rossella,2026-01-21T07:01:29Z,PT1H42M36S,0,1,1,UC7LfJw8dPGogmYa_FFCexkQ,22,fr
n8C128Shzw4,Le Secret. disponible partout. Pour ceux qui continuent d'y croire #chansonfrancaise #sortiesingle,,Laurene-B,2025-09-11T18:16:36Z,PT55S,753,11,0,UCDYq85KCP45D7X36aIBrGXQ,10,fr
P-VZMG0W8H8,"""Je voudrais de toi un enfant joli"" #pianovoix #chansonfrancaise #chanson",,Jean Latreille,2026-01-05T18:52:45Z,PT2M31S,617,2,0,UCAx95HdFEpYUWwW33DUHz6g,27,fr
MHUJhWqEkyY,Chanson Francaise Nouveaut√© 2026 üé∂ Meilleure Musique D'√ât√© 2026 ‚ù§Ô∏è Tubes 2026 Francaise,"Chanson Francaise Nouveaut√© 2026 üé∂ Meilleure Musique D'√ât√© 2026 ‚ù§Ô∏è Tubes 2026 Francaise
--------------------------------------------------------------------------------------------------------------------------------------------------------------

Bonjour, c'est '' Musique Francaise Officel ''. Je mets √† jour ma cha√Æne quotidiennement avec de la musique populaire pour les abonn√©s. Viens avec moi, d√©tends-toi et profite des meilleures playlists
üö©Inscrivez-vous pour plus d'informations :  https://bom.so/2tlKqe",Musique Francaise Officel,2026-01-02T07:01:30Z,PT1H9M43S,43145,3477,6,UC3BaCveDrozm5kmqAqipMZA,22,ar
uXaXHKnQHKs,C≈ìur d'acier- Alan Zik | Nouvelle scene Fran√ßaise,"Alan Zik revient avec un nouveau titre m√™lant rock romantique et indie en fran√ßais, une chanson port√©e par des paroles sinc√®res et une ambiance envo√ªtante.
Ce morceau parle d‚Äôamour, des doutes de la passion ‚Äî une balade rock moderne √† la crois√©e du pop rock et de l‚Äôindie.
#AlanZik
#PopRockFran√ßais #MusiqueInd√©pendante
#alanzik-Officiel 
#alanziklive
#vibes fran√ßaise
Spacemercenaire prod",Alan Zik,2025-04-25T15:31:04Z,PT3M10S,718,5,0,UCQcg67T-pDtgyvd6MKMUKfQ,10,und
ylofXKZito4,Maman‚Ä¶ Serre-moi dans tes bras   #short #chansonfrancaise #chansondamour,"Plongez dans un moment de nostalgie et d‚Äô√©motion avec ce court extrait de la chanson ‚ÄúMaman‚Ä¶ serre-moi dans tes bras‚Äù.

""Maman‚Ä¶ pourquoi t‚Äôes partie si t√¥t ?
Ton absence fait pleurer mes mots
Je voudrais juste une minute encore
Te dire ¬´ je t‚Äôaime ¬ª, plus fort, plus fort‚Ä¶""

Une vid√©o poignante illustr√©e par des images cin√©matiques et touchantes, rendant hommage √† l‚Äôamour maternel et au souvenir.

üíî Pour ressentir la musique et partager vos √©motions, abonnez-vous et laissez un ‚ù§Ô∏è

#Shorts #Musique√âmotionnelle #Maman #Souvenir #ChansonTriste #CourtM√©trageMusical #Tristesse #AmourMaternel #Emotion #Po√©tique",NeoVibes,2025-11-06T17:27:23Z,PT28S,3775,101,10,UC9IpPx21K5SL28-JKNcjNKw,10,fr
tWaNLZZPRsk,–ö—Ä–∞—Å–∏–≤–∞—è –º—É–∑—ã–∫–∞ –æ –ª—é–±–≤–∏ –ø–æ–¥ —Å–∞–º—ã–π –∑–∞–≤–µ—Ç–Ω—ã–π –º–æ–º–µ–Ω—Ç - –ù–∞–π–¥–∏—Ç–µ —Å–∏–ª—ã –Ω–µ –ø—Ä–æ—â–∞—Ç—å. #—à–∞–Ω—Å–æ–Ω #music #shorts,"#shorts #warkolive  #–º—É–∑—ã–∫–∞ 

–ö—Ä–∞—Å–∏–≤–∞—è –º—É–∑—ã–∫–∞ –æ –ª—é–±–≤–∏ –ø–æ–¥ —Å–∞–º—ã–π –∑–∞–≤–µ—Ç–Ω—ã–π –º–æ–º–µ–Ω—Ç - –ù–∞–π–¥–∏—Ç–µ —Å–∏–ª—ã –Ω–µ –ø—Ä–æ—â–∞—Ç—å. #—à–∞–Ω—Å–æ–Ω #music #shorts

(–ù–µ –≤–æ–∑–≤—Ä–∞—â–∞–π—Ç–µ—Å—å –Ω–∏–∫–æ–≥–¥–∞
Karolina Verbitskaya)

–î—Ä—É–∑—å—è, –ø–æ–¥–¥–µ—Ä–∂–∏—Ç–µ –∫–∞–Ω–∞–ª –ø–æ–¥–ø–∏—Å–∫–æ–π –∏ –ø–æ—Å—Ç–∞–≤—å—Ç–µ –ª–∞–π–∫ –ø—É–±–ª–∏–∫–∞—Ü–∏–∏ –¥–ª—è –ø—Ä–æ–¥–≤–∏–∂–µ–Ω–∏—è. –°–ø–∞—Å–∏–±–æ!
üòÉ–ü—Ä–∏—è—Ç–Ω–æ–≥–æ –ø—Ä–æ—Å–º–æ—Ç—Ä–∞ –∏ –ø—Ä–æ—Å–ª—É—à–∏–≤–∞–Ω–∏—è.

–ü–æ–ø—É–ª—è—Ä–Ω—ã–µ –ø–ª–µ–π–ª–∏—Å—Ç—ã:

‚ùó#shorts hits https://www.youtube.com/playlist?list=PLbLTNjics98VIG5MCY6qXyKIehtipZ7i-
‚ùóüéß Suno AI | –ú—É–∑—ã–∫–∞ https://www.youtube.com/playlist?list=PLbLTNjics98UAta37plcpSyUpWISmiHcH
‚ùó#shorts 
https://www.youtube.com/playlist?list=PLbLTNjics98XSBhKMdFMGJVDm0mRmpCxn
‚ùó–ê—Ä—Ç–∏—Å—Ç—ã
 https://www.youtube.com/playlist?list=PLbLTNjics98XFjA2JcWk02EdwVO2pTXRC
‚ùó–ë–µ–ª–∫–∞ | –ñ–∏–≤–æ—Ç–Ω—ã–µ | –ü—Ä–∏—Ä–æ–¥–∞ 
 https://www.youtube.com/playlist?list=PLbLTNjics98UHLbb-rrCnBCDqZZHZiYjI
‚ùó–í–µ—Å—ë–ª—ã–µ –∂–∏–≤–æ—Ç–Ω—ã–µ 
https://www.youtube.com/playlist?list=PLbLTNjics98Vv96Da08JLgcAvz8TI0DcH
‚ùó–ü–æ–ø—É–ª—è—Ä–Ω—ã–µ –≤–∏–¥–µ–æ –∫–∞–Ω–∞–ª–∞
https://www.youtube.com/playlist?list=PLbLTNjics98UbMmCvUOYpbV1YtnmlEL7S
‚ùó–ë–µ—Å–ø–ª–∞—Ç–Ω—ã–π –ø—Ä–æ—Å–º–æ—Ç—Ä
https://www.youtube.com/playlist?list=PLbLTNjics98XxP9pEO2kC1OYlfn5zDcZt
‚ùó–°—Ç—Ä–∏–º—ã 5 —á–∞—Å–æ–≤
https://www.youtube.com/playlist?list=PLbLTNjics98V56R3fH4T_XqnxQton0pKW
‚ùóLIVE
https://www.youtube.com/playlist?list=PLbLTNjics98WXJp2RdQldbTniX2t0w-6C

‚úî–î—Ä—É–≥–∏–µ –≤–∏–¥–µ–æ –Ω–∞ –∫–∞–Ω–∞–ª–µ: 

‚ùó#shorts –î–µ–≤—É—à–∫–∏ –Ω–µ —Ö–∏–ª–æ –∑–∞–∂–∏–≥–∞—é—Ç! https://youtube.com/shorts/S5GI2qBckpM
‚ùó#shorts –°–∏–ª—å–Ω–∞—è –º–æ—Ä—Å–∫–∞—è –≤–æ–ª–Ω–∞. https://youtube.com/shorts/fPpyUHU0tPw
‚ùó#shorts –î–µ–≤—É—à–∫–∞ –∫—Ä–∞—Å–∏–≤–æ —Ç–∞–Ω—Ü—É–µ—Ç. https://youtube.com/shorts/4QDkbFrDWIc
‚ùó#shorts –û—Ç–¥—ã—Ö - –ß–µ—Ä–Ω–æ–µ –º–æ—Ä–µ. https://youtube.com/shorts/JvOG0eIMt2U
‚ùó#shorts –î–µ–¥—É—à–∫–∞ —Å—Ç–∏–ª—è–≥–∞ –≤–µ—Ä–Ω—É–ª—Å—è. https://youtube.com/shorts/T1ybCElsoFc

‚úî–î—Ä—É–≥–∏–µ –∫–∞–Ω–∞–ª—ã –ø—Ä–æ –ø—É—à–∏—Å—Ç–∏–∫–æ–≤ –Æ—Ç—É–±–µ.

‚ùó–ö–æ—à–∫–∏ –∏ –∫–æ—Ç—ã. https://www.youtube.com/channel/UCQ6yGVK6ESTsBgZRV0iG4RQ
‚ùó#shorts https://www.youtube.com/@shortspirats/shorts
‚ùó–í–∏–¥–µ–æ https://www.youtube.com/@shortspirats/videos

–î—Ä—É–∑—å—è –∏ –ø—Ä–æ—Å—Ç–æ –∑—Ä–∏—Ç–µ–ª–∏ –º–æ–µ–≥–æ –∫–∞–Ω–∞–ª–∞! –ü–æ–∂–∞–ª—É–π—Å—Ç–∞, –µ—Å–ª–∏ –ø–æ–Ω—Ä–∞–≤–∏–ª–æ—Å—å –≤–∏–¥–µ–æ, –æ—Ç–ø—Ä–∞–≤–ª—è–π—Ç–µ —Å–≤–æ–π –∫–æ–º–º–µ–Ω—Ç–∞—Ä–∏–π –∏ –∂–º–∏—Ç–µ –∫–Ω–æ–ø–∫—É –ú–ù–ï –ü–û–ù–†–ê–í–ò–õ–û–°–¨ –≤ –∫–æ–Ω—Ü–µ, –∏–ª–∏ —Ö–æ—Ç—è –±—ã  –ø–æ—Å–ª–µ —Å–µ—Ä–µ–¥–∏–Ω—ã –ø—Ä–æ—Å–º–æ—Ç—Ä–∞.(–ò–Ω–∞—á–µ –≤—Å—ë —É–ª–µ—Ç–∞–µ—Ç –≤ —Å–ø–∞–º!). –ü–æ–¥–ø–∏—Å—ã–≤–∞–π—Ç–µ—Å—å –Ω–∞ –∫–∞–Ω–∞–ª –∏ –Ω–∞–∂–º–∏—Ç–µ –Ω–∞ –∫–æ–ª–æ–∫–æ–ª—å—á–∏–∫üîî.–ò –≤–∞–º, –æ–±—è–∑–∞—Ç–µ–ª—å–Ω–æ, –æ—Ç–≤–µ—Ç—è—Ç —Ç–µ–º –∂–µ.

–ú—ã –ø—Ä–∏–Ω–æ—Å–∏–º –†–ê–î–û–°–¢–¨!
Warko Live ‚Äî –≤–∞—à –∏—Å—Ç–æ—á–Ω–∏–∫ —Ä–∞–∑–Ω–æ–æ–±—Ä–∞–∑–Ω–æ–≥–æ –∫–æ–Ω—Ç–µ–Ω—Ç–∞ –Ω–∞ YouTube!    
–î–æ–±—Ä–æ –ø–æ–∂–∞–ª–æ–≤–∞—Ç—å –Ω–∞ –∫–∞–Ω–∞–ª Warko Live, –≥–¥–µ –∫–∞–∂–¥—ã–π –Ω–∞–π–¥—ë—Ç —á—Ç–æ-—Ç–æ –∏–Ω—Ç–µ—Ä–µ—Å–Ω–æ–µ –¥–ª—è —Å–µ–±—è! –ú—ã —Å–æ–∑–¥–∞—ë–º –º–∞—Ç–µ—Ä–∏–∞–ª—ã –¥–ª—è –∑—Ä–∏—Ç–µ–ª–µ–π –≤—Å–µ—Ö –≤–æ–∑—Ä–∞—Å—Ç–æ–≤, —á—Ç–æ–±—ã –≤—ã –º–æ–≥–ª–∏ –ø—Ä–æ–≤–µ—Å—Ç–∏ –≤—Ä–µ–º—è —Å –ø–æ–ª—å–∑–æ–π –∏ —É–¥–æ–≤–æ–ª—å—Å—Ç–≤–∏–µ–º. –í–∞—Å –∂–¥—É—Ç —É–≤–ª–µ–∫–∞—Ç–µ–ª—å–Ω—ã–µ –∏ –ø–æ–∑–Ω–∞–≤–∞—Ç–µ–ª—å–Ω—ã–µ –≤–∏–¥–µ–æ, –∫–æ—Ç–æ—Ä—ã–µ –Ω–µ –æ—Å—Ç–∞–≤—è—Ç —Ä–∞–≤–Ω–æ–¥—É—à–Ω—ã–º–∏. –ü–æ–¥–ø–∏—Å—ã–≤–∞–π—Ç–µ—Å—å –Ω–∞ –Ω–∞—à –∫–∞–Ω–∞–ª, —á—Ç–æ–±—ã –≤—Å–µ–≥–¥–∞ –±—ã—Ç—å –≤ –∫—É—Ä—Å–µ –Ω–æ–≤–∏–Ω–æ–∫ –∏ –æ–±–Ω–æ–≤–ª–µ–Ω–∏–π!   
–Ø —Å–æ–∑–¥–∞—é –≤–∏–¥–µ–æ–≤–ª–æ–≥–∏ –Ω–∞ —Å–∞–º—ã–µ —Ä–∞–∑–Ω–æ–æ–±—Ä–∞–∑–Ω—ã–µ —Ç–µ–º—ã, –ø–æ—Ç–æ–º—É —á—Ç–æ –≤–µ—Ä—é: –∫–∞–∂–¥—ã–π —Ä–æ–ª–∏–∫ ‚Äî —ç—Ç–æ —É–Ω–∏–∫–∞–ª—å–Ω–∞—è –∏—Å—Ç–æ—Ä–∏—è, —Å–ø–æ—Å–æ–±–Ω–∞—è –≤–¥–æ—Ö–Ω–æ–≤–∏—Ç—å –∏ –∑–∞–∏–Ω—Ç–µ—Ä–µ—Å–æ–≤–∞—Ç—å. –ú–æ—è —Ü–µ–ª—å ‚Äî –≤—ã–¥–µ–ª–∏—Ç—å—Å—è —Å—Ä–µ–¥–∏ –æ–≥—Ä–æ–º–Ω–æ–≥–æ –∫–æ–ª–∏—á–µ—Å—Ç–≤–∞ –¥—Ä—É–≥–∏—Ö –∫–∞–Ω–∞–ª–æ–≤, –ø—Ä–µ–¥–ª–æ–∂–∏–≤ –≤–∞–º –Ω–µ –ø—Ä–æ—Å—Ç–æ –∫–æ–Ω—Ç–µ–Ω—Ç, –∞ –æ—Å–æ–±–µ–Ω–Ω—É—é –∞—Ç–º–æ—Å—Ñ–µ—Ä—É, –Ω–∞–ø–æ–ª–Ω–µ–Ω–Ω—É—é –º–æ–∏–º–∏ –º—ã—Å–ª—è–º–∏, –∏–¥–µ—è–º–∏ –∏ —Ç–≤–æ—Ä—á–µ—Å–∫–∏–º –ø–æ–¥—Ö–æ–¥–æ–º.   
üåü –ü–æ—á–µ–º—É —Å—Ç–æ–∏—Ç –ø–æ—Å–º–æ—Ç—Ä–µ—Ç—å? 
–ö–∞–∂–¥–æ–µ –≤–∏–¥–µ–æ ‚Äî —ç—Ç–æ –≤–æ–∑–º–æ–∂–Ω–æ—Å—Ç—å —É–≤–∏–¥–µ—Ç—å –º–∏—Ä –ø–æ–¥ –Ω–æ–≤—ã–º —É–≥–ª–æ–º –∏ –ø–æ—á—É–≤—Å—Ç–≤–æ–≤–∞—Ç—å —Ç—É –∏—Å–∫—Ä–µ–Ω–Ω–æ—Å—Ç—å, —Å –∫–æ—Ç–æ—Ä–æ–π –æ–Ω–æ —Å–æ–∑–¥–∞–Ω–æ.   

–î–æ–Ω–∞—Ç —Å—Å—ã–ª–∫–∞:
https://www.donationalerts.com/r/warko

–°—Ç–∞–Ω—å—Ç–µ —Å–ø–æ–Ω—Å–æ—Ä–æ–º –∫–∞–Ω–∞–ª–∞, –∏ –≤—ã –ø–æ–ª—É—á–∏—Ç–µ –¥–æ—Å—Ç—É–ø –∫ —ç–∫—Å–∫–ª—é–∑–∏–≤–Ω—ã–º –±–æ–Ω—É—Å–∞–º. –ü–æ–¥—Ä–æ–±–Ω–µ–µ:
https://www.youtube.com/channel/UCWhSUUIn0uS5ppx3UGdwSPw/join",Warko Live,2026-01-21T06:10:12Z,PT22S,2158,42,0,UCWhSUUIn0uS5ppx3UGdwSPw,10,ru
Kkpvde_7_EE,T‚Äôas une id√©e de paroles ? #pianomusic #chansonfrancaise #chanson #nouvellescene,,Fabien Strauss,2024-08-16T05:24:27Z,PT46S,285,6,0,UCTKc_EC9UlYIRDc1utpuXNQ,10,en
DYd__Yo7iYc,"Nouvelle ann√©e, behind the scene Dir.@Tepsonart  #bonneann√©e2025 #cameroun #cotedivoire #gabon",,TEPSON‚Äôs Art,2025-01-05T16:09:16Z,PT13S,706,24,0,UC12pR8QOL12GYSMqRDxannw,22,fr
1Grb-Ca7S2Q,"French Vintage Jazz Caf√© üá´üá∑ | Midnight Paris Chanson, Old Money Romance & Timeless French Love Songs","Close your eyes ‚Äî this is Paris after midnight.

A carefully curated French vintage chanson & jazz caf√© playlist inspired by the golden era of Parisian nights. From quiet caf√©s on empty streets to reflections on the Seine at midnight, every song carries the intimacy of unsent letters, cold hands in winter, and love whispered under city lights.

Let Paris keep you company.

üéôÔ∏è Tracklist & Timestamps
00:00 ‚Äì Sous les Lumi√®res de Paris
03:29 ‚Äì La Seine √† Minuit
06:48 ‚Äì Ton Nom dans la Nuit
10:02 ‚Äì Un Caf√© au Coin de la Rue
12:17 ‚Äì Un Verre de Vin, Deux Solitudes
15:26 ‚Äì Je T‚Äôattendais en Silence
19:05 ‚Äì La Pluie sur Montmartre
22:43 ‚Äì Les Mains Froides en Hiver
26:52 ‚Äì Les Pas Lents du Matin
30:31 ‚Äì Paris Ne Dort Jamais Seul
34:00 ‚Äì Quand Paris Nous √âcoutait
37:28 ‚Äì Une Chanson pour Te Dire Adieu
41:04 ‚Äì Une Lettre Jamais Envoy√©e

Perfect for:
‚Ä¢ French jazz caf√© ambience
‚Ä¢ Old money & Parisian aesthetic
‚Ä¢ Late-night studying or writing
‚Ä¢ Rainy evenings & vintage romance
‚Ä¢ Cinematic background music

This is timeless French music YouTube listeners are searching for in 2026 ‚Äî elegant, nostalgic, and emotionally warm.

#frenchvintagemusic #frenchchanson #parisjazz #jazzcafeparis #oldmoneyaesthetic #vintageromance #parisambience #frenchjazzcafe #1930sjazz #1940sjazz #chansonfrancaise #noirjazz
#cinematicjazz #studyjazz #lateNightJazz #frenchplaylist
#parisplaylist #vintagelifestyle #aestheticmusic #timelessmusic",noirela,2026-01-22T16:00:02Z,PT45M14S,1,1,0,UC4JsNnE__pDRUk5J53nog9A,10,en
sxTKdrpyOHo,Regarder Pape Thiopet et sa nouvelle copine Italienne sur scene,,Salam Visuel,2019-01-19T03:07:21Z,PT3M42S,542,4,0,UC-VwyW4thuciXVJ4NqTdlfA,10,fr
T1gjr8qdusg,#chanson #—à–∞–Ω—Å–æ–Ω #—Ç–æ–ø,,–°–µ—Ä–≥–µ–π –°–µ—Ä–∞—Ñ–∏–º–æ–≤,2026-01-21T09:03:03Z,PT1M,1371,34,4,UClDRblyS1VLPI5uBVr_8NRA,10,ru
Pa2x9AaNhOQ,Quand j'√©tais dans la merde #nikobull #musique #chanson #chansonfran√ßaise,,NikoBull.officiel,2025-12-23T12:52:07Z,PT2M50S,645,5,1,UCNX0ELqvBlaN2qUtBUDN_8A,22,fr
96F-Edv0ZfQ,"Vieilles Chansons Fran√ßaisesüåπMike Brant, Claude Barzotti,  Jean-Fran√ßois Michael, Art Sullivan...","Les classiques de la chanson fran√ßaise traversent les g√©n√©rations sans perdre leur √©clat. Ici, les m√©lodies romantiques et les paroles profondes de Mike Brant, Claude Barzotti, Jean-Fran√ßois Michael et Art Sullivan... nous rappellent la beaut√© d‚Äôun pass√© riche en √©motions. Un moment de musique √† savourer sans mod√©ration. üíø‚ú®
üá´üá∑ Laissez la nostalgie vous envelopper et red√©couvrez ces chefs-d'≈ìuvre musicaux.
üíò Un voyage intime que seul la Chanson Fran√ßaise sait offrir.

#chanson #musique #chansonfrancaise #french #musiquedamour #musiquefrancaise #frenchmusic #nostalgiefran√ßaise #fr√©d√©ricfran√ßois #joedassin #mikebrant #cj√©rome #charlesaznavour #mireillemathieu #pierrebachelet #claudebarzotti #edithpiaf #artsullivan",Harmonie Fran√ßaise,2025-09-12T04:58:06Z,PT1H31M9S,106153,615,46,UC4gBDo3TukxP7etT_TcYoww,10,fr
qJkzo3jwDjQ,Disney Dream Nouvelle sc√®ne le Roi Lion / New scene from The Lion King,"Disney Dream avec la sc√®ne extraite du Roi Lion
20th anniversary extended",Ornelaa,2013-03-23T01:14:09Z,PT2M2S,7796,36,6,UC87tGNtqa1BDygE_ecoWpYw,24,fr
wNfab5iAIq4,Quelqu'un de maudit #popfran√ßaise #folk #bossanova  #musique #music #chanson #song,"üé∂Quelqu'un de maudit
Parodie de ""Quelqu'un qui m'a dit"" de Carla Bruni

Extrait de mon album ""La r√®gle du triple A"", pr√©sent depuis le 5 septembre 2025 sur toutes les plateformes de musique, sur YouTube Music - Spotify - Apple Music - Deezer ...: Padre JA

https://music.youtube.com/playlist?list=OLAK5uy_nGDaIbd_GeSffvogLObuOUW_Rt_8THaQE

üîîSubscribe to follow my creations.
üëçShare if you like it.‚ù§Ô∏è Thank you.üòò
üìß Contact me for discussions, projects, partnerships...
Tout l'album en pr√©√©coute ici :
https://distrokid.com/hyperfollow/pdreja/la-rgle-du-triple-a
-------------------------------------------
¬©P@dre JA [2025]. Tous droits r√©serv√©s.
#musique #cr√©ation #ia",P@dre JA,2026-01-22T07:14:42Z,PT21S,2,0,0,UC8JpVGio6Cxdpej0JJdNVmA,10,fr-FR
iYxDKR0WHEU,SCH d√©fend AYA !!! üí• #NouvelleEcole,"Le candidat de la saison 3 de Nouvelle √âcole, Allebou, s'est attir√© les foudres en envoyant des petits piques √† Aya Nakamura, aka l'artiste la plus √©cout√©e √† l'international, ce que SCH ne manque pas de lui rappeler ü§Ø √Ä ses risques et p√©rils üíÄ

Les premiers √©pisodes de Nouvelle √âcole, saison 3, c'est dispo !

#shorts #netflixfrance #nouvelleecole #rapfr #ayanakamura #sch #sdm #allebou #clash

Regarder sur Netflix : https://www.netflix.com/title/81681553

Abonnez-vous √† la cha√Æne YouTube de Netflix France ! : http://bit.ly/NetflixFr_Abonner

TUDUM !

Site : https://netflix.com/fr/

SUIVEZ-NOUS SUR NOS AUTRES R√âSEAUX SOCIAUX : 

Facebook : https://bit.ly/2HcfVaJ
Twitter : https://bit.ly/385OYRx
Instagram : https://bit.ly/31tanlo

https://www.youtube.com/@NetflixFrance

Changement de jury, changement de r√®gles. Les stars SCH, SDM et Aya Nakamura bousculent les codes dans leur qu√™te pour couronner le nouvel espoir du rap francophone.",Netflix France,2024-07-06T16:00:00Z,PT32S,5210890,166486,2320,UCroNr00O68n25IqSNapMK8w,24,en-US
I4qHFfuzAsQ,–ö–û–ì–î–ê –°–û –ú–ù–û–ô –¢–ê–ö–ê–Ø –ñ–ï–ù–©–ò–ù–ê - –ü–æ–ª–∏–Ω–∞ –î–£–ë–ï–ô–ö–û & –†—É—Å–ª–∞–Ω –ê–î–ê–ï–í,"–í—è—á–µ—Å–ª–∞–≤ –ß–µ–Ω - –ö–æ–≥–¥–∞ —Å–æ –º–Ω–æ–π —Ç–∞–∫–∞—è –∂–µ–Ω—â–∏–Ω–∞ 
–°—Ç–∏—Ö–∏ - –õ–∞—Ä–∏—Å–∞ –†—É–±–∞–ª—å—Å–∫–∞—è
–ú—É–∑—ã–∫–∞ - –ì–∞–ª–∏–Ω–∞ –õ—é–±—á–∏—á
https://youtu.be/0ptOpGt0UKU?si=rVhgMZkQR1PDwCX_

–í—Å–µ –º–∞—Ç–µ—Ä–∏–∞–ª—ã –≤–∑—è—Ç—ã –∏–∑ –æ—Ç–∫—Ä—ã—Ç—ã—Ö –∏—Å—Ç–æ—á–Ω–∏–∫–æ–≤ –≤ –∏–Ω—Ç–µ—Ä–Ω–µ—Ç–µ.
–í—Å–µ –∞–≤—Ç–æ—Ä—Å–∫–∏–µ –ø—Ä–∞–≤–∞ –ø—Ä–∏–Ω–∞–¥–ª–µ–∂–∞—Ç –∏—Ö –∑–∞–∫–æ–Ω–Ω—ã–º –≤–ª–∞–¥–µ–ª—å—Ü–∞–º.
–Ø –±–ª–∞–≥–æ–¥–∞—Ä–Ω–∞ –∞–≤—Ç–æ—Ä–∞–º –∑–∞ –≤–æ–∑–º–æ–∂–Ω–æ—Å—Ç—å –∏—Ö –∏—Å–ø–æ–ª—å–∑–æ–≤–∞–Ω–∏—è...
#–ü–æ–ª–∏–Ω–∞–î—É–±–µ–π–∫–æ #–†—É—Å–ª–∞–Ω–ê–¥–∞–µ–≤ #—à–∞–Ω—Å–æ–Ω #–ø–µ—Å–Ω–∏–æ–ª—é–±–≤–∏ #—à–∞–Ω—Å–æ–Ω–∞–ø–µ—Å–Ω–∏ #–≤—è—á–µ—Å–ª–∞–≤—á–µ–Ω #–ø—Ä–∏–∑–Ω–∞–Ω–∏–µ–≤–ª—é–±–≤–∏ #–∫–æ–≥–¥–∞—Å–æ–º–Ω–æ–π—Ç–∞–∫–∞—è–∂–µ–Ω—â–∏–Ω–∞ #–ø–µ—Å–Ω–∏ #—Ç–∞–Ω—Ü—ã #russiansong #russiansongs  #–±–∞–ª—å–Ω—ã–µ—Ç–∞–Ω—Ü—ã #ballroomdance #–¥—É–±–µ–π–∫–æ #—Ä—É—Å–ª–∞–Ω–∞–¥–∞–µ–≤ #—Ç–∞–Ω—Ü–µ–≤–∞–ª—å–Ω–∞—è–ø–∞—Ä–∞ #russianballroomdancing #volchok #–ø–µ—Å–Ω—è #—Ç–∞–Ω–µ—Ü #–≤–æ–ª—á–æ–∫ #dance #shorts #short #shortsyoutube #shortsdance #shortvideo #shortsvideo #—à–∞–Ω—Å–æ–Ω #–ø–µ—Å–Ω—è #–ø–µ—Å–Ω–∏ #latina #russianballroom #—Ç–∞–Ω–µ—Ü #shortsdance #shortsvideo #shortsyoutube #dance #dancevideo #ballroomdancing  #Dubeyko #Adaev #dance #ballroomdancesport #dancesport #dancers #ballroomdancevideos #–ª–∞—Ä–∏—Å–∞—Ä—É–±–∞–ª—å—Å–∫–∞—è #–ø–æ–ª–∏–Ω–∞—Ä—É—Å–ª–∞–Ω #–ª—é–±–∏–º–æ–µ #rumba #—Ä—É–º–±–∞",–í–û–õ–ß–û–ö,2026-01-21T18:31:52Z,PT38S,78915,2490,133,UCLb36WVyeLMO2PaDNVBgJAg,10,N/A
GhpVN_sInHY,Magali Michaut en trio (r√©p√©tition) #musique #chanson #folk #chansonfrancaise #paris #concert,"‚ÄúO√π va-t-on‚Äù ‚Äì Paroles & Musique : Magali Michaut
En concert : http://bit.ly/MagaliEcho
Sur les plateformes : https://bfan.link/ou-vaton

R√©seaux :
üëâ Instagram :   https://www.instagram.com/magalimichaut 
üëâ Facebook :   https://www.facebook.com/MagaliMichautMusic  
üëâ Site : http://www.magalimichaut.com

Contacts : 
üëâ Booking-management : contact@magalimichaut.com 
üëâ Presse : Xavier Chezlepr√™tre Xavier@attitude-net.com
üëâ Site Internet : http://www.magalimichaut.com

Merci √† Jeanne pour la vid√©o et √† Thomas pour le montage !

#chanson #folk #chansonfrancaise",Magali Michaut,2025-11-09T16:30:11Z,PT21S,77,2,0,UCxFjFlhIFeLn1O12qfEycsw,10,fr
9uURPaoVMZE,Police vs criminel le film nouvelle scene,,los santos & liberty city 68,2025-11-10T20:27:51Z,PT7S,10,0,0,UCPFQie_VDBkWhhl3DelNxdw,22,fr
WUdg2MNfxz0,"""Pan"" Extrait live #chansonfrancaise #musiqueoriginale","Extrait d'une des chansons que j'ai travaill√© derni√®rement 
Refus de grandir, le sentiment d'√™tre coinc√© entre l'√¢ge adulte et l'adolescence !",Antonin N.,2026-01-05T19:30:07Z,PT20S,225,1,0,UCpMOBO7t1H79LngvETah8Kw,22,fr
wxwXSyu1KnM,Sarah Harvey at Nouvelle Scene 2013,,Simon Hogg,2013-09-08T19:43:52Z,PT3M49S,43,0,0,UCbmo1Q2KhtVl3J1xA_SZdcg,10,en
PeTNRqCFqCY,NOUVELLE SCENE DE DANSE ! #danse   #twitch #twitchstreamer #streamer  #streameur,"Vien suivre l'aventure sur twitch ! 

REJOIND MON EQUIPAGE ! ET VIEN ME DONNER DE LA FORCE SUR TWITCH ! 

LIEN ICI : https://linkr.bio/Mr.Weeny

 tiktok #twitch #twitchstreamer #twitchclips #Twitch #pourtoi #tiktoker #petitstreamer #petitstreameur",MrWeeny,2023-12-11T15:00:15Z,PT50S,7,0,0,UCgUK5msCmJQyObFMwWIvGGg,22,fr
6iKmjOOG5nE,reste avec moi reste ici‚ù£french chanson of love‚ù£#frenchmusic #frenchchanson #parisromance,,Bento¬≤music,2026-01-22T14:05:26Z,PT1M6S,320,9,2,UC14i68xGprxPsJ2wOM6UrDQ,10,N/A
oiIWBAmO_Lg,ELSA MICHOU de nouveau sur sc√®ne,"n'oublie pas le petit pouce bleu
abonne toi de nouvelle vid√©o vont arriv√© !!!!  @MichouOff  @Michou @inoxtag @inoxtag2.0 








elsa bois,michou et elsa,michou musique,michou inoxtag,michou elsa,inoxtag musique,michou,michou en couple,michouoff,michou danse avec les stars,inoxtag en couple,inoxtag
inox la sirene en couple , michou elsa en vacance , inox en vacance ,faq elsa, elsa en live 
elsa danse avec les star, michou elsa danse avec les star ,michou avec elsa,",michou 3.0,2022-07-24T14:20:38Z,PT13S,2729280,83306,966,UCWBtK9c6xdTfKNdRXNCq_IQ,20,fr
maZ4HVuYrmI,est ce que vous aimez la nouvelle chanson de katseye ???? moi oui,,cloudy la nuage ! ‚òÅÔ∏è,2026-01-20T19:34:11Z,PT20S,213,1,0,UCewewCOCjbptEPOQY6STYHA,22,en
wOjH8B_H-JU,√áa marche aussi avec le premier amour de vacances #chanson #chansonfrancaise #banditdecinema,,Sacha,2026-01-05T17:01:38Z,PT21S,709,22,0,UC8oRAQcA4zrB7WKNsBEVXaQ,10,fr
5JiXfEB9fV0,Hommage √† Sacha Distel : L√©gende fran√ßaise de la chanson !,Emissions √† retrouver en int√©gralit√© ici : @etcestconnuca,Et c'est connu √ßa !?,2026-01-20T18:00:06Z,PT1M9S,1112,7,0,UC2ISt35-k5evpKXH5K4PKcQ,24,fr
ePEMVK-_SFo,On the Scene with Justine at Nouvelle Cuisine,"Happy Monday! ‚òÄÔ∏è A brand new episode of On the Scene - Hernando County has dropped! ‚¨áÔ∏è‚¨áÔ∏è‚¨áÔ∏è‚¨áÔ∏è
‚òùüèΩ of the best kept hidden secrets, for almost 3Ô∏è‚É£ decades in Hernando County, is Nouvelle Cuisine! 
Where they have a unique spin üíûon Belgium / French cuisine! 
With entrees üçΩÔ∏è you can't find anywhere else
An amazing ambience ü•Ç
AND decadent, delicious dishes üç≤
You are not going to want to miss this spot!! 
Be sure to make your reservation today and let me know what you think of this awesome, family owned restaurant. ‚ù§",On the Scene with Justine,2025-02-03T15:35:44Z,PT1M18S,39,0,0,UCGqnskoMmImLL8Z95iBjdsw,22,en
DXtxwdDNre8,Chansons D‚ÄôAmour en Fran√ßais üíñLes Plus Belles Chansons D'amour Fran√ßaises üíñVieilles Chansons üíñ,"Chansons D‚ÄôAmour en Fran√ßais üíñLes Plus Belles Chansons D'amour Fran√ßaises üíñVieilles Chansons üíñ
-----------------------------------------------------------------
Laissez-vous emporter par la tendresse et la passion de la chanson fran√ßaise üíñ
Ces m√©lodies intemporelles parlent d‚Äôamour, de nostalgie et de souvenirs pr√©cieux.
Fermez les yeux, √©coutez‚Ä¶ chaque note raconte une histoire, chaque mot touche le c≈ìur.
üéµ Musique romantique, douce et pleine d‚Äô√©motion ‚Äî pour tous les amoureux de la belle chanson fran√ßaise.
#chansond'amour #chansonfrancaiseromantique #chansonsfran√ßaises #nostalgiefrancaise #vieilleschansons #musiquefrancaiseromantique ----------------------------------------------
üìåPour toute question relative aux droits d'auteur, veuillez nous contacter par courriel: kaylapicking458@gmail.com",Musique Francaises,2025-11-11T07:02:24Z,PT1H6S,47148,3410,20,UC6WYdG-AUR2gSNmVDhtizdw,10,en
JxEldVjQDug,YOUZA ‚Äì Dans le silence de nos nuits ‚Äì Une chanson fran√ßaise qui brise le c≈ìur,"YOUZA ‚Äì Dans le silence de nos nuits ‚Äì Une chanson fran√ßaise qui brise le c≈ìur
Dans le silence de nos nuits ‚Äì Une chanson fran√ßaise pleine de douleur
Chanson d‚Äôamour triste ‚Äì Pour ceux qui ressentent profond√©ment
Musique fran√ßaise √©motionnelle ‚Äì Pour les √¢mes sensibles
Balade romantique et m√©lancolique ‚Äì La voix qui touche le c≈ìur
Chanson pour les c≈ìurs bris√©s ‚Äì Douleur, amour et souvenirs
Ballade fran√ßaise nocturne ‚Äì Une √©motion qui ne dort jamais
Pour tous ceux qui aiment les chansons tristes et po√©tiques
Musique fran√ßaise fragile et sinc√®re ‚Äì Entre amour perdu et silence
Chanson √©motionnelle pour les nuits sans sommeil
Po√©sie, douleur et amour ‚Äì La musique qui parle quand les mots manquent

üìå Hashtags puissants

#chansonfran√ßaise #musiquetriste #amourperdu #√©motion #voixfran√ßaise
#musicfran√ßaise #chansondamour #tristesse #nuit #francemusic
#youza #baladefran√ßaise #coeurbris√© #romantique #musiquem√©lancolique",YOUZAMIX,2026-01-20T13:30:06Z,PT3M31S,72,11,0,UCdIHT51nO0lLlNjz49yheJQ,10,fr
TIwgMxim7xg,extrait,#spectacle #concert #chanson #chansonfran√ßaise #pourtoi  #spectaclevivant,Antoine Gasse ‚Äî Chanson fran√ßaise acoustique,2026-01-21T17:55:43Z,PT15S,165,3,0,UCzzCWzIv91lLE49GAFf5cdg,10,fr
yLaLEQYvfWU,Cocktail immonde et bonne musique  #chansonfrancaise #acoustique #nouvellescene,EP disponible ici : https://bfan.link/parfum-des-temps,Bazar et B√©mols,2023-10-27T11:54:24Z,PT32S,185,6,0,UCU3b0M4Yva-xJan67UZR21g,10,fr
k_FXUDRB7vA,Top Mix Chanson Francaise 2026 üé∂ Meilleur Musique 2026 Mix - Tubes Du Moment 2026,"Top Mix Chanson Francaise 2026 üé∂ Meilleur Musique 2026 Mix - Tubes Du Moment 2026

üìå Abonnez-vous pour m'aider √† atteindre 1000 abonn√©s¬†!
üëç Si vous aimez, n'h√©sitez pas √† liker pour me soutenir dans mes prochaines playlists¬†!
üí¨ Laissez un commentaire pour partager vos impressions ou sugg√©rer des morceaux.
üé∂ Si vous rencontrez des probl√®mes, veuillez me contacter via : kaylapicking458@gmail.com
üîî Abonnez-vous √† la cha√Æne pour recevoir chaque semaine de la nouvelle musique entra√Ænante¬†!",Rossella,2026-01-22T07:00:34Z,PT1H43M45S,2,0,1,UC7LfJw8dPGogmYa_FFCexkQ,22,N/A
kqG4ktduFvs,"NOSTALGIE CHANSONS - Musique Francaise Ann√©e 80 90üóº‚ù§Ô∏è‚ô™ Mike Brant, F Fran√ßois, Mireille Mathieu, ...","WARNING Don't Miss Out on the Greatest French Hits of the 80s and 90s!

Merci d'avoir regard√©! N'oubliez pas de vous ABONNER, de liker et de partager ma vid√©o si vous l'appr√©ciez ! Passez une bonne journ√©e!
¬© Suivre : Nostalgie Fran√ßaise
Youtube‚Üí shorturl.at/fdOlR

""Merci d'avoir regard√© ! Bonne journ√©e ! ü§çüíô‚ù§Ô∏è
‚ñ∫Tous les droits appartiennent √† leurs propri√©taires respectifs.
‚ó¢ Merci d'avoir regard√© üß° N'oubliez pas de vous abonner, de commenter, de partager et d'aimer (Youtube, Facebook, Twitter, etc.)

¬© All rights belong to Nostalgie Fran√ßaise. Copyright ¬© 2024 Nostalgie Fran√ßaise. All rights reserved.

#musique #chansonfrancaise #NostalgieFran√ßaise",Nostalgie Fran√ßaise,2025-10-21T11:24:05Z,PT2H22M12S,20192,95,3,UC864lt2jJgJG2lIzP6zRfTg,10,ko
661oIG_EVRU,"PIKA ART, Scene Ingredients : une Nouvelle Fa√ßon de cr√©er des Vid√©os IA üò≤","Dans cette vid√©o, j'ai test√© la nouvelle fonctionnalit√© de Pika.art : SCENE INGREDIENTS . Une fonctionnalit√© disponible avec la version PIKA 2.0 le mod√®le IA disponible sur le site Pika.art.

Avec Scene Ingredients, il est possible de demander √† l'IA d'assembler plusieurs √©l√©ments pour cr√©er une vid√©o. Il suffit de lui donner des photos ou des images, de compl√©ter par un prompt et l'IA fait le reste ! 

Une fa√ßon simple et cr√©ative de mettre en sc√®ne des produits ou des v√™tements ! Cette fonctionnalit√© constitue une v√©ritable opportunit√© marketing pour quiconque saura bien l'exploiter !

üì£ Les Offres exclusives du Labo des R√©seaux : 
- Profite de 30 jours d'essai gratuit sur Canva Pro en passant par ce lien : https://partner.canva.com/6bk6ZV
- 10% de remise sur ton Abonnement SubMagic avec le code LABO10 : https://submagic.co/?fpr=labo10
- 20% de remise sur ton abonnement RASK AI avec le code LABO20 : https://bit.ly/rask_labodesreseaux
- Essaie gratuitement Eleven Labs : https://try.elevenlabs.io/xf4wkfpyo191
- Essaie gratuitement HeyGen (2 cr√©dits offerts √† ton inscription) : https://app.heygen.com/guest?sid=rewardful&via=labodesreseaux
- 30 jours d'essai sur Podia pour vendre tes formations : https://www.podia.com/?via=labo
- OpusClip : 7 jours offerts en version Pro en t'inscrivant via ce lien : https://www.opus.pro/?via=f407df

Offre Manychat : 
- 1000 contacts offerts √† l'inscription : https://manychat.partnerlinks.io/labodesreseaux
Si tu souhaites prendre un abonnement pro : 
- 1 mois d'essai gratuit en version pro : https://manychat.partnerlinks.io/co3174yibwe8-ogcg6e
- ou 2 mois en version pro √† -50% : https://manychat.partnerlinks.io/wzir4dm8rxwo-wki14

üì© T'en as marre de ne pas faire des Vues sur tes Vid√©os ? On t'aide √† booster ta visibilit√© et d√©velopper ton audience dans la Newsletter des Cr√©ateurs ! 
Tu peux t'inscrire (gratuitement) ici : https://labodesreseaux.podia.com/  

üë®‚Äçüè´ Les Formations du Labo des R√©seaux : 
- CANVA : Devenir un(e) Boss du DESIGN : https://labodesreseaux.podia.com/formation-canva-boss-design
- TIKTOK : Guide Gratuit pour R√âUSSIR SUR TIKTOK : https://labodesreseaux.podia.com/reussir-sur-tiktok-le-guide-complet

üéôÔ∏èNotre set-up audio : 
- Rode NT1 : https://amzn.to/3UVazDP
- Scarlett Solo (indispensable pour connecter le Rode NT1 √† un PC) : https://amzn.to/3ForbhN
- Pied Rode : https://amzn.to/4566z9w

Mon conseil si tu d√©butes, opte plut√¥t pour un micro Rode USB (le premier que nous avons utilis√© sur la chaine) : https://amzn.to/3HoOESB

üì∏ Notre set-up vid√©o : 
- Le Tr√©pied : https://amzn.to/3OZ8yGB
- Avec l'Adaptateur pour Smatphone : https://amzn.to/41YPjlQ
- Les Lumi√®res d'√©clairage principales (x2, utilis√©es pour m'√©clairer de face) : https://amzn.to/3Qxiadh
- Le Tr√©pied pour les Lumi√®res : https://amzn.to/3UX1lKZ
- Les Lumi√®res d'√©clairage secondaires (x2, utilis√©es pour mon background) : https://amzn.to/3VRCvKm
- La Cam√©ra : nous utilisons pour l'instant un smartphone (https://amzn.to/47wF1f5), mais nous h√©sitons  √† changer pour : https://amzn.to/3ThE4Cx

#labodesreseaux #pikaart #videoia",Labo Des R√©seaux,2025-01-02T17:08:05Z,PT8M2S,2426,62,7,UCMJEpQVv0p3qzJnQ9IuiiMA,27,fr
i0vbdP3yGnw,DORIA D : Quel rituel ? #doria #nouvellescene #rituel #neoradio,DORIA D : Quel rituel avant de monter sur sc√®ne ?,N√©o Radio,2024-07-29T15:51:21Z,PT27S,428,2,0,UCadMmvZLCEMEq5Wlzft7OIA,22,fr-BE
RAgG06kjLAY,"J‚Äôattends mon 2·µâ date.Apparemment, lui non.  #dating #chansonfrancaise #paradis #musique #pop",,Cyril Bri√®re,2025-09-14T16:20:30Z,PT40S,1173,7,0,UCkPSG5FZCSOA63eirXL5P8Q,10,fr
X23xFMqLc8A,"üá´üá∑ Philippe de Villiers ‚Äì Le Dernier Panache üá´üá∑ - Lui, il d√©fend la France","D√©couvrez la vision sans d√©tour de Philippe de Villiers pour une France fi√®re et d√©fendue avec vigueur.

üé¨ Vid√©o similaire : https://www.youtube.com/watch?v=3culmXgqQaU

üá´üá∑ ILS L‚ÄôONT DIT RINGARD. IL A DIT FRANCE. üá´üá∑

Pendant que l‚ÄôHistoire est d√©construite, que les racines sont moqu√©es et que la m√©moire devient suspecte, une voix continue de refuser le reniement.
Cette chanson est un hommage assum√©, √©pique et clivant √† Philippe de Villiers : une parole √† contre-courant, une fid√©lit√© au temps long, une vision enracin√©e.

üé∂ ‚ÄúLe Dernier Panache‚Äù n‚Äôest pas une chanson ti√®de.
C‚Äôest une fresque musicale volontairement putaclic, dramatique et frontale, qui c√©l√®bre la transmission, la m√©moire, le refus de la langue de bois et la r√©sistance culturelle.

üëâ Que l‚Äôon approuve ou que l‚Äôon conteste, une chose est certaine :
cette voix ne laisse personne indiff√©rent.


---

üìù PAROLES

(Intro ‚Äì voix grave, solennelle)
Ils ont vendu la France en pi√®ces d√©tach√©es,
Lui, il est rest√© debout, sans jamais reculer.

(Couplet 1)
Pendant qu‚Äôeux effacent l‚ÄôHistoire √† coups de d√©crets,
Lui, il brandit la m√©moire comme une √©p√©e lev√©e.
Quand tout le monde s‚Äôexcuse, baisse la t√™te, capitule,
Il parle de racines, de clochers, de vertus.

Ils l‚Äôont trait√© de fou, de ringard, de pass√©,
Mais c‚Äôest lui qui voyait ce que les autres niaient.
Dans le vacarme des √©lites, des promesses en carton,
Sa voix claque net, comme un rappel √† la nation.

(Pr√©-refrain)
Pas un slogan creux, pas une langue de bois,
Il parle de la France comme on parle de soi.

(Refrain)
Philippe de Villiers !
Le dernier panache, la derni√®re vigie !
Quand tout s‚Äôeffondre, quand tout trahit,
Il reste l‚Äôhomme qui n‚Äôa jamais fui.

Philippe de Villiers !
Eux ricanent, lui r√©siste, il b√¢tit !
Pendant qu‚Äôeux g√®rent la chute en silence,
Lui, il d√©fend la France sans repentance !

(Couplet 2)
Il a fait parler les pierres, les rois, les martyrs,
Quand d‚Äôautres ont fait carri√®re √† force de mentir.
Le Puy du Fou, c‚Äôest plus qu‚Äôun d√©cor,
C‚Äôest un peuple vivant qui se souvient encore.

Ils veulent un monde hors-sol, sans pass√©, sans fronti√®res,
Lui rappelle que l‚Äôhomme n‚Äôest pas qu‚Äôun chiffre bancaire.
Il dit non √† l‚ÄôEmpire, non √† l‚Äôoubli programm√©,
Et √ßa les rend fous de voir quelqu‚Äôun refuser.

(Pont ‚Äì plus lent)
Ce n‚Äôest pas un tweet,
Ce n‚Äôest pas un buzz,
C‚Äôest une voix qui d√©range
Parce qu‚Äôelle est s√©rieuse.

(Refrain final)
Philippe de Villiers !
Pas calibr√©, pas domestiqu√© !
Quand ils confondent progr√®s et reniement,
Lui parle d‚Äô√¢me, de transmission, de temps.

Philippe de Villiers !
Eux passent, lui demeure, il pr√©dit !
Dans le grand naufrage des convictions molles,
Il est le rocher, pas la parole frivole.

(Outro)
Ils auront peut-√™tre le pouvoir,
Mais lui aura laiss√© une trace.
Et dans un pays qui doute de lui-m√™me,
Il aura rappel√© ce que signifie France.


---

üîî ABONNE-TOI / R√âAGIS

üëç Like si tu assumes
üí¨ Commente si tu contestes
üîÅ Partage si tu refuses l‚Äôoubli


---

üîñ HASHTAGS

#PhilippeDeVilliers #LeDernierPanache #ChansonPolitique
#France #Identit√© #Transmission #M√©moire
#PuyDuFou #ChansonFran√ßaise #D√©bat #Histoire",Chroniques en musique,2026-01-21T12:59:02Z,PT14S,5464,383,7,UCQK3-VICRVzAJ_qwX-s3UPg,10,fr
9c_cF_v8dEU,C‚Äôest quoi cette reprise de Aznavour üòÆ,"OPEN MIC √† Paris üéôÔ∏è

On a pos√© notre van Serge devant une brasserie √† Paris et on attendu que des artistes viennent chanter üéôÔ∏è

Lou Agathe¬†passait par l√† et nous a demand√© si elle pouvait reprendre ""Comme ils disent"" d‚ÄôAznavour.
Sa reprise est juste magnifique ü•∞üíõ

Comme ils disent, Charles Aznavour

#artiste¬†#openmic¬†#van¬†#cover",Le Baladeur Open Mic,2025-09-23T16:00:26Z,PT1M,404738,12499,443,UCp-vwHGlZEEclM-9maDf_7A,22,fr
uU9yKg-KlY0,üéµ Pouvez-vous √©couter chanson ‚ÄúLaisse-moi pleurer‚Äù sans verser une larme?,"üéµ Pouvez-vous √©couter chanson ‚ÄúLaisse-moi pleurer‚Äù sans verser une larme?
üéß Une chanson pour les √¢mes sensibles.
‚ÄúLaisse-moi pleurer‚Äù n‚Äôest pas seulement une m√©lodie ‚Äì c‚Äôest une confession.
Une voix, des mots, et un silence apr√®s‚Ä¶ parce qu‚Äôil n‚Äôy a plus rien √† dire quand on a aim√© trop fort.
Si cette chanson te parle, c‚Äôest qu‚Äôelle conna√Æt ton histoire.
üéß Ferme les yeux, √©coute‚Ä¶ et laisse-toi pleurer.

üéµ VERSIONS:
00:00 - (Style 1) Laisse-moi pleurer
04:04 - (Style 2) Laisse-moi pleurer

------------------------------------------------
Bienvenue sur PIERROT üéµ, l‚Äôunivers des c≈ìurs bris√©s et des silences qui font mal. üíî
Ici, chaque chanson est une larme mise en musique. Des histoires d‚Äôamour perdu, de promesses oubli√©es, de regards absents‚Ä¶ Si tu as d√©j√† aim√© sans retour, tu es au bon endroit.

üéß Abonne-toi pour ne rien manquer.
Chaque semaine, une nouvelle chanson pour ceux qui pleurent en silence.
Et si une chanson te touche ‚Äî laisse un like, √©cris-nous en commentaire : ¬´ Moi aussi, je l‚Äôaime encore. ¬ª


musique triste, chanson triste, chanson d‚Äôamour, rupture, chagrin, amour perdu, chanson pour pleurer, chanson sentimentale, chanson fran√ßaise, chanson √©motive, chanson sur la s√©paration, c≈ìur bris√©, chanson touchante, musique √©motionnelle, douleur, larmes, amour, ballade triste, chanson douce, chanson piano, chanson violon, chanson homme seul, chanson femme bless√©e, m√©lancolie",PIERROT üéµ,2025-10-29T07:00:56Z,PT8M4S,345924,7215,633,UCuL3FZuio3jSTs_Q2xuCQ5g,10,fr
